id_free_zone,id_region,region,id_city,city,id_district,district,fk_zone_type,active
1,39,Sumatera Utara,175,Kab. Tapanuli Tengah,176,Tukka,1,1
2,39,Sumatera Utara,175,Kab. Tapanuli Tengah,177,Tapian Nauli,1,1
3,39,Sumatera Utara,175,Kab. Tapanuli Tengah,178,Suka Bangun,1,1
4,39,Sumatera Utara,175,Kab. Tapanuli Tengah,179,Sosor Gadong,1,1
5,39,Sumatera Utara,175,Kab. Tapanuli Tengah,180,Sorkam Barat,1,1
6,39,Sumatera Utara,175,Kab. Tapanuli Tengah,181,Sorkam,1,1
7,39,Sumatera Utara,175,Kab. Tapanuli Tengah,182,Sitahuis,1,1
8,39,Sumatera Utara,175,Kab. Tapanuli Tengah,183,Sirandorung,1,1
9,39,Sumatera Utara,175,Kab. Tapanuli Tengah,184,Sibabangun,1,1
10,39,Sumatera Utara,175,Kab. Tapanuli Tengah,185,Sarudik,1,1
11,39,Sumatera Utara,175,Kab. Tapanuli Tengah,186,Pinangsori,1,1
12,39,Sumatera Utara,175,Kab. Tapanuli Tengah,187,Pasaribu Tobing,1,1
13,39,Sumatera Utara,175,Kab. Tapanuli Tengah,188,Pandan,1,1
14,39,Sumatera Utara,175,Kab. Tapanuli Tengah,189,Manduamas,1,1
15,39,Sumatera Utara,175,Kab. Tapanuli Tengah,190,Lumut,1,1
16,39,Sumatera Utara,175,Kab. Tapanuli Tengah,191,Kolang,1,1
17,39,Sumatera Utara,175,Kab. Tapanuli Tengah,192,Barus Utara,1,1
18,39,Sumatera Utara,175,Kab. Tapanuli Tengah,193,Barus,1,1
19,39,Sumatera Utara,175,Kab. Tapanuli Tengah,194,Badiri,1,1
20,39,Sumatera Utara,175,Kab. Tapanuli Tengah,195,Andam Dewi,1,1
21,39,Sumatera Utara,175,Kab. Tapanuli Tengah,17410,Sibolga,1,1
22,39,Sumatera Utara,544,Kota Medan,545,Medan Tuntungan,1,1
23,39,Sumatera Utara,544,Kota Medan,546,Medan Timur,1,1
24,39,Sumatera Utara,544,Kota Medan,547,Medan Tembung,1,1
25,39,Sumatera Utara,544,Kota Medan,548,Medan Sunggal,1,1
26,39,Sumatera Utara,544,Kota Medan,549,Medan Selayang,1,1
27,39,Sumatera Utara,544,Kota Medan,550,Medan Polonia,1,1
28,39,Sumatera Utara,544,Kota Medan,551,Medan Petisah,1,1
29,39,Sumatera Utara,544,Kota Medan,552,Medan Perjuangan,1,1
30,39,Sumatera Utara,544,Kota Medan,553,Medan Marelan,1,1
31,39,Sumatera Utara,544,Kota Medan,554,Medan Maimun,1,1
32,39,Sumatera Utara,544,Kota Medan,555,Medan Labuhan,1,1
33,39,Sumatera Utara,544,Kota Medan,556,Medan Kota,1,1
34,39,Sumatera Utara,544,Kota Medan,557,Medan Johor,1,1
35,39,Sumatera Utara,544,Kota Medan,558,Medan Helvetia,1,1
36,39,Sumatera Utara,544,Kota Medan,559,Medan Denai,1,1
37,39,Sumatera Utara,544,Kota Medan,560,Medan Deli,1,1
38,39,Sumatera Utara,544,Kota Medan,561,Medan Belawan Kota,1,1
39,39,Sumatera Utara,544,Kota Medan,562,Medan Baru,1,1
40,39,Sumatera Utara,544,Kota Medan,563,Medan Barat,1,1
41,39,Sumatera Utara,544,Kota Medan,564,Medan Area,1,1
42,39,Sumatera Utara,544,Kota Medan,565,Medan Amplas,1,1
43,39,Sumatera Utara,544,Kota Medan,17443,Medan,1,1
44,34,Sumatera Selatan,774,Kota Palembang,775,Sukarami,1,1
45,34,Sumatera Selatan,774,Kota Palembang,776,Sematang Borang,1,1
46,34,Sumatera Selatan,774,Kota Palembang,777,Seberang Ulu Ii,1,1
47,34,Sumatera Selatan,774,Kota Palembang,778,Seberang Ulu I,1,1
48,34,Sumatera Selatan,774,Kota Palembang,779,Sako,1,1
49,34,Sumatera Selatan,774,Kota Palembang,780,Plaju,1,1
50,34,Sumatera Selatan,774,Kota Palembang,781,Kertapati,1,1
51,34,Sumatera Selatan,774,Kota Palembang,782,Kemuning,1,1
52,34,Sumatera Selatan,774,Kota Palembang,783,Kalidoni,1,1
53,34,Sumatera Selatan,774,Kota Palembang,784,Ilir Timur Ii,1,1
54,34,Sumatera Selatan,774,Kota Palembang,785,Ilir Timur I,1,1
55,34,Sumatera Selatan,774,Kota Palembang,786,Ilir Barat Ii,1,1
56,34,Sumatera Selatan,774,Kota Palembang,787,Ilir Barat I,1,1
57,34,Sumatera Selatan,774,Kota Palembang,788,Gandus,1,1
58,34,Sumatera Selatan,774,Kota Palembang,789,Bukit Kecil,1,1
59,34,Sumatera Selatan,774,Kota Palembang,790,Alang-Alang Lebar,1,1
60,34,Sumatera Selatan,774,Kota Palembang,17370,Palembang,1,1
61,31,Sumatera Barat,970,Kota Padang,971,Pauh,1,1
62,31,Sumatera Barat,970,Kota Padang,972,Padang Utara,1,1
63,31,Sumatera Barat,970,Kota Padang,973,Padang Timur,1,1
64,31,Sumatera Barat,970,Kota Padang,974,Padang Selatan,1,1
65,31,Sumatera Barat,970,Kota Padang,975,Padang Barat,1,1
66,31,Sumatera Barat,970,Kota Padang,976,Nanggalo,1,1
67,31,Sumatera Barat,970,Kota Padang,977,Lubuk Kilangan,1,1
68,31,Sumatera Barat,970,Kota Padang,978,Lubuk Begalung,1,1
69,31,Sumatera Barat,970,Kota Padang,979,Kuranji,1,1
70,31,Sumatera Barat,970,Kota Padang,980,Koto Tangah,1,1
71,31,Sumatera Barat,970,Kota Padang,981,Bungus Teluk Kabung,1,1
72,31,Sumatera Barat,970,Kota Padang,17347,Padang Kota Padang,1,1
73,45,Sulawesi Selatan,1655,Kab. Maros,1656,Turikale,1,1
74,45,Sulawesi Selatan,1655,Kab. Maros,1657,Tompu Bulu,1,1
75,45,Sulawesi Selatan,1655,Kab. Maros,1658,Tanralili,1,1
76,45,Sulawesi Selatan,1655,Kab. Maros,1659,Simbang,1,1
77,45,Sulawesi Selatan,1655,Kab. Maros,1660,Moncongloe,1,1
78,45,Sulawesi Selatan,1655,Kab. Maros,1661,Marusu,1,1
79,45,Sulawesi Selatan,1655,Kab. Maros,1662,Maros Baru,1,1
80,45,Sulawesi Selatan,1655,Kab. Maros,1663,Mandai,1,1
81,45,Sulawesi Selatan,1655,Kab. Maros,1664,Mallawa,1,1
82,45,Sulawesi Selatan,1655,Kab. Maros,1665,Lau,1,1
83,45,Sulawesi Selatan,1655,Kab. Maros,1666,Cenrana,1,1
84,45,Sulawesi Selatan,1655,Kab. Maros,1667,Camba,1,1
85,45,Sulawesi Selatan,1655,Kab. Maros,1668,Bontoa (Maros Utara),1,1
86,45,Sulawesi Selatan,1655,Kab. Maros,1669,Bantimurung,1,1
87,45,Sulawesi Selatan,1655,Kab. Maros,17480,Maros,1,1
88,45,Sulawesi Selatan,1728,Kab. Gowa,1729,Tompobulu,1,1
89,45,Sulawesi Selatan,1728,Kab. Gowa,1730,Tombolo Pao,1,1
90,45,Sulawesi Selatan,1728,Kab. Gowa,1731,Tinggimoncong,1,1
91,45,Sulawesi Selatan,1728,Kab. Gowa,1732,Somba Opu (Upu),1,1
92,45,Sulawesi Selatan,1728,Kab. Gowa,1733,Pattallassang,1,1
93,45,Sulawesi Selatan,1728,Kab. Gowa,1734,Parigi,1,1
94,45,Sulawesi Selatan,1728,Kab. Gowa,1735,Parangloe,1,1
95,45,Sulawesi Selatan,1728,Kab. Gowa,1736,Pallangga,1,1
96,45,Sulawesi Selatan,1728,Kab. Gowa,1737,Manuju,1,1
97,45,Sulawesi Selatan,1728,Kab. Gowa,1738,Bungaya,1,1
98,45,Sulawesi Selatan,1728,Kab. Gowa,1739,Bontonompo Selatan,1,1
99,45,Sulawesi Selatan,1728,Kab. Gowa,1740,Bontonompo,1,1
100,45,Sulawesi Selatan,1728,Kab. Gowa,1741,Bontomarannu,1,1
101,45,Sulawesi Selatan,1728,Kab. Gowa,1742,Bontolempangang,1,1
102,45,Sulawesi Selatan,1728,Kab. Gowa,1743,Biringbulu,1,1
103,45,Sulawesi Selatan,1728,Kab. Gowa,1744,Barombong,1,1
104,45,Sulawesi Selatan,1728,Kab. Gowa,1745,Bajeng Barat,1,1
105,45,Sulawesi Selatan,1728,Kab. Gowa,1746,Bajeng,1,1
106,45,Sulawesi Selatan,1728,Kab. Gowa,17483,Sungguminasa,1,1
107,45,Sulawesi Selatan,1831,Kota Makassar,1832,Wajo,1,1
108,45,Sulawesi Selatan,1831,Kota Makassar,1833,Ujung Tanah,1,1
109,45,Sulawesi Selatan,1831,Kota Makassar,1834,Ujung Pandang,1,1
110,45,Sulawesi Selatan,1831,Kota Makassar,1835,Tamalate,1,1
111,45,Sulawesi Selatan,1831,Kota Makassar,1836,Tamalanrea,1,1
112,45,Sulawesi Selatan,1831,Kota Makassar,1837,Tallo,1,1
113,45,Sulawesi Selatan,1831,Kota Makassar,1838,Rappocini,1,1
114,45,Sulawesi Selatan,1831,Kota Makassar,1839,Panakkukang,1,1
115,45,Sulawesi Selatan,1831,Kota Makassar,1840,Mariso,1,1
116,45,Sulawesi Selatan,1831,Kota Makassar,1841,Manggala,1,1
117,45,Sulawesi Selatan,1831,Kota Makassar,1842,Mamajang,1,1
118,45,Sulawesi Selatan,1831,Kota Makassar,1843,Makassar,1,1
119,45,Sulawesi Selatan,1831,Kota Makassar,1844,Bontoala,1,1
120,45,Sulawesi Selatan,1831,Kota Makassar,1845,Biring Kanaya,1,1
121,21,Riau,2060,Kota Pekanbaru,2061,Tenayan Raya,1,1
122,21,Riau,2060,Kota Pekanbaru,2062,Tampan,1,1
123,21,Riau,2060,Kota Pekanbaru,2063,Sukajadi,1,1
124,21,Riau,2060,Kota Pekanbaru,2064,Senapelan,1,1
125,21,Riau,2060,Kota Pekanbaru,2065,Sail,1,1
126,21,Riau,2060,Kota Pekanbaru,2066,Rumbai Pesisir,1,1
127,21,Riau,2060,Kota Pekanbaru,2067,Rumbai,1,1
128,21,Riau,2060,Kota Pekanbaru,2068,Pekanbaru Kota,1,1
129,21,Riau,2060,Kota Pekanbaru,2069,Payung Sekaki,1,1
130,21,Riau,2060,Kota Pekanbaru,2070,Marpoyan Damai,1,1
131,21,Riau,2060,Kota Pekanbaru,2071,Lima Puluh,1,1
132,21,Riau,2060,Kota Pekanbaru,2072,Bukit Raya,1,1
133,21,Riau,2060,Kota Pekanbaru,17229,Payung Kota Pekanbaru,1,1
134,18,Lampung,3687,Kab. Lampung Selatan,3688,Way Sulan,1,1
135,18,Lampung,3687,Kab. Lampung Selatan,3689,Way Panji,1,1
136,18,Lampung,3687,Kab. Lampung Selatan,3690,Tanjung Sari,1,1
137,18,Lampung,3687,Kab. Lampung Selatan,3691,Tanjung Bintang,1,1
138,18,Lampung,3687,Kab. Lampung Selatan,3692,Sragi,1,1
139,18,Lampung,3687,Kab. Lampung Selatan,3693,Sidomulyo,1,1
140,18,Lampung,3687,Kab. Lampung Selatan,3694,Rajabasa,1,1
141,18,Lampung,3687,Kab. Lampung Selatan,3695,Penengahan,1,1
142,18,Lampung,3687,Kab. Lampung Selatan,3696,Palas,1,1
143,18,Lampung,3687,Kab. Lampung Selatan,3697,Natar,1,1
144,18,Lampung,3687,Kab. Lampung Selatan,3698,Merbau Mataram,1,1
145,18,Lampung,3687,Kab. Lampung Selatan,3699,Ketapang,1,1
146,18,Lampung,3687,Kab. Lampung Selatan,3700,Katibung,1,1
147,18,Lampung,3687,Kab. Lampung Selatan,3701,Kalianda,1,1
148,18,Lampung,3687,Kab. Lampung Selatan,3702,Jati Agung,1,1
149,18,Lampung,3687,Kab. Lampung Selatan,3703,Candipuro,1,1
150,18,Lampung,3687,Kab. Lampung Selatan,3704,Bakauheni,1,1
151,18,Lampung,3729,Kota Bandar Lampung,3730,Telukbetung Utara,1,1
152,18,Lampung,3729,Kota Bandar Lampung,3731,Telukbetung Selatan,1,1
153,18,Lampung,3729,Kota Bandar Lampung,3732,Telukbetung Barat,1,1
154,18,Lampung,3729,Kota Bandar Lampung,3733,Tanjung Senang,1,1
155,18,Lampung,3729,Kota Bandar Lampung,3734,Tanjung Karang Timur,1,1
156,18,Lampung,3729,Kota Bandar Lampung,3735,Tanjung Karang Pusat,1,1
157,18,Lampung,3729,Kota Bandar Lampung,3736,Tanjung Karang Barat,1,1
158,18,Lampung,3729,Kota Bandar Lampung,3737,Sukarame,1,1
159,18,Lampung,3729,Kota Bandar Lampung,3738,Sukabumi,1,1
160,18,Lampung,3729,Kota Bandar Lampung,3739,Rajabasa,1,1
161,18,Lampung,3729,Kota Bandar Lampung,3740,Panjang,1,1
162,18,Lampung,3729,Kota Bandar Lampung,3741,Kemiling,1,1
163,18,Lampung,3729,Kota Bandar Lampung,3742,Kedaton,1,1
164,18,Lampung,3729,Kota Bandar Lampung,17211,Bandar Lampung,1,1
165,24,Kalimantan Timur,3939,Kota Samarinda,3940,Sungai Kunjang,1,1
166,24,Kalimantan Timur,3939,Kota Samarinda,3941,Samarinda Utara,1,1
167,24,Kalimantan Timur,3939,Kota Samarinda,3942,Samarinda Ulu,1,1
168,24,Kalimantan Timur,3939,Kota Samarinda,3943,Samarinda Seberang,1,1
169,24,Kalimantan Timur,3939,Kota Samarinda,3944,Samarinda Ilir,1,1
170,24,Kalimantan Timur,3939,Kota Samarinda,3945,Palaran,1,1
171,24,Kalimantan Timur,3939,Kota Samarinda,17629,Samarinda,1,1
172,24,Kalimantan Timur,3950,Kota Balikpapan,3951,Balikpapan Utara,1,1
173,24,Kalimantan Timur,3950,Kota Balikpapan,3952,Balikpapan Timur,1,1
174,24,Kalimantan Timur,3950,Kota Balikpapan,3953,Balikpapan Tengah,1,1
175,24,Kalimantan Timur,3950,Kota Balikpapan,3954,Balikpapan Selatan,1,1
176,24,Kalimantan Timur,3950,Kota Balikpapan,3955,Balikpapan Barat,1,1
177,24,Kalimantan Timur,3950,Kota Balikpapan,17259,Balikpapan,1,1
178,23,Jawa Timur,4441,Kab. Tulungagung,4442,Tulungagung,2,1
179,23,Jawa Timur,4441,Kab. Tulungagung,4443,Tanggung Gunung,2,1
180,23,Jawa Timur,4441,Kab. Tulungagung,4444,Sumbergempol,4,1
181,23,Jawa Timur,4441,Kab. Tulungagung,4445,Sendang,4,1
182,23,Jawa Timur,4441,Kab. Tulungagung,4446,Rejotangan,4,1
183,23,Jawa Timur,4441,Kab. Tulungagung,4447,Pucanglaban,2,1
184,23,Jawa Timur,4441,Kab. Tulungagung,4448,Pakel,4,1
185,23,Jawa Timur,4441,Kab. Tulungagung,4449,Pagerwojo,4,1
186,23,Jawa Timur,4441,Kab. Tulungagung,4450,Ngunut,4,1
187,23,Jawa Timur,4441,Kab. Tulungagung,4451,Ngantru,4,1
188,23,Jawa Timur,4441,Kab. Tulungagung,4452,Kedungwaru,4,1
189,23,Jawa Timur,4441,Kab. Tulungagung,4453,Kauman,4,1
190,23,Jawa Timur,4441,Kab. Tulungagung,4454,Karang Rejo,4,1
191,23,Jawa Timur,4441,Kab. Tulungagung,4455,Kalidawir,4,1
192,23,Jawa Timur,4441,Kab. Tulungagung,4456,Gondang,4,1
193,23,Jawa Timur,4441,Kab. Tulungagung,4457,Campur Darat,4,1
194,23,Jawa Timur,4441,Kab. Tulungagung,4458,Boyolangu,4,1
195,23,Jawa Timur,4441,Kab. Tulungagung,4459,Besuki,4,1
196,23,Jawa Timur,4441,Kab. Tulungagung,4460,Bandung,4,1
197,23,Jawa Timur,4461,Kab. Tuban,4462,Widang,4,1
198,23,Jawa Timur,4461,Kab. Tuban,4463,Tuban,2,1
199,23,Jawa Timur,4461,Kab. Tuban,4464,Tambakboyo,4,1
200,23,Jawa Timur,4461,Kab. Tuban,4465,Soko,4,1
201,23,Jawa Timur,4461,Kab. Tuban,4466,Singgahan,4,1
202,23,Jawa Timur,4461,Kab. Tuban,4467,Senori,4,1
203,23,Jawa Timur,4461,Kab. Tuban,4468,Semanding,4,1
204,23,Jawa Timur,4461,Kab. Tuban,4469,Rengel,4,1
205,23,Jawa Timur,4461,Kab. Tuban,4470,Plumpang,4,1
206,23,Jawa Timur,4461,Kab. Tuban,4471,Parengan,4,1
207,23,Jawa Timur,4461,Kab. Tuban,4472,Palang,4,1
208,23,Jawa Timur,4461,Kab. Tuban,4473,Montong,4,1
209,23,Jawa Timur,4461,Kab. Tuban,4474,Merakurak,4,1
210,23,Jawa Timur,4461,Kab. Tuban,4475,Kerek,4,1
211,23,Jawa Timur,4461,Kab. Tuban,4476,Kenduruan,4,1
212,23,Jawa Timur,4461,Kab. Tuban,4477,Jenu,4,1
213,23,Jawa Timur,4461,Kab. Tuban,4478,Jatirogo,4,1
214,23,Jawa Timur,4461,Kab. Tuban,4479,Grabagan,2,1
215,23,Jawa Timur,4461,Kab. Tuban,4480,Bangilan,4,1
216,23,Jawa Timur,4461,Kab. Tuban,4481,Bancar,4,1
217,23,Jawa Timur,4461,Kab. Tuban,17232,Plumbang,4,1
218,23,Jawa Timur,4482,Kab. Trenggalek,4483,Watulimo,4,1
219,23,Jawa Timur,4482,Kab. Trenggalek,4484,Tugu,4,1
220,23,Jawa Timur,4482,Kab. Trenggalek,4485,Trenggalek,2,1
221,23,Jawa Timur,4482,Kab. Trenggalek,4486,Suruh,4,1
222,23,Jawa Timur,4482,Kab. Trenggalek,4487,Pule,4,1
223,23,Jawa Timur,4482,Kab. Trenggalek,4488,Pogalan,4,1
224,23,Jawa Timur,4482,Kab. Trenggalek,4489,Panggul,4,1
225,23,Jawa Timur,4482,Kab. Trenggalek,4490,Munjungan,4,1
226,23,Jawa Timur,4482,Kab. Trenggalek,4491,Karangan,4,1
227,23,Jawa Timur,4482,Kab. Trenggalek,4492,Kampak,4,1
228,23,Jawa Timur,4482,Kab. Trenggalek,4493,Gandusari,4,1
229,23,Jawa Timur,4482,Kab. Trenggalek,4494,Durenan,4,1
230,23,Jawa Timur,4482,Kab. Trenggalek,4495,Dongko,4,1
231,23,Jawa Timur,4482,Kab. Trenggalek,4496,Bendungan,2,1
232,23,Jawa Timur,4543,Kab. Sidoarjo,4544,Wonoayu,1,1
233,23,Jawa Timur,4543,Kab. Sidoarjo,4545,Waru,1,1
234,23,Jawa Timur,4543,Kab. Sidoarjo,4546,Tulangan,1,1
235,23,Jawa Timur,4543,Kab. Sidoarjo,4547,Tarik,1,1
236,23,Jawa Timur,4543,Kab. Sidoarjo,4548,Tanggulangin,1,1
237,23,Jawa Timur,4543,Kab. Sidoarjo,4549,Taman,1,1
238,23,Jawa Timur,4543,Kab. Sidoarjo,4550,Sukodono,1,1
239,23,Jawa Timur,4543,Kab. Sidoarjo,4551,Sidoarjo,1,1
240,23,Jawa Timur,4543,Kab. Sidoarjo,4552,Sedati,1,1
241,23,Jawa Timur,4543,Kab. Sidoarjo,4553,Prambon,1,1
242,23,Jawa Timur,4543,Kab. Sidoarjo,4554,Porong,1,1
243,23,Jawa Timur,4543,Kab. Sidoarjo,4555,Krian,1,1
244,23,Jawa Timur,4543,Kab. Sidoarjo,4556,Krembung,1,1
245,23,Jawa Timur,4543,Kab. Sidoarjo,4557,Jabon,1,1
246,23,Jawa Timur,4543,Kab. Sidoarjo,4558,Gedangan,1,1
247,23,Jawa Timur,4543,Kab. Sidoarjo,4559,Candi,1,1
248,23,Jawa Timur,4543,Kab. Sidoarjo,4560,Buduran,1,1
249,23,Jawa Timur,4543,Kab. Sidoarjo,4561,Balongbendo,1,1
250,23,Jawa Timur,4562,Kab. Sampang,4563,Torjun,4,1
251,23,Jawa Timur,4562,Kab. Sampang,4564,Tambelangan,4,1
252,23,Jawa Timur,4562,Kab. Sampang,4565,Sreseh,4,1
253,23,Jawa Timur,4562,Kab. Sampang,4566,Sokobanah,4,1
254,23,Jawa Timur,4562,Kab. Sampang,4567,Sampang,2,1
255,23,Jawa Timur,4562,Kab. Sampang,4568,Robatal,2,1
256,23,Jawa Timur,4562,Kab. Sampang,4569,Pangarengan,4,1
257,23,Jawa Timur,4562,Kab. Sampang,4570,Omben,4,1
258,23,Jawa Timur,4562,Kab. Sampang,4571,Ketapang,4,1
259,23,Jawa Timur,4562,Kab. Sampang,4572,Kedungdung,4,1
260,23,Jawa Timur,4562,Kab. Sampang,4573,Karang Penang,4,1
261,23,Jawa Timur,4562,Kab. Sampang,4574,Jrengik,4,1
262,23,Jawa Timur,4562,Kab. Sampang,4575,Camplong,4,1
263,23,Jawa Timur,4562,Kab. Sampang,4576,Banyuates,4,1
264,23,Jawa Timur,4577,Kab. Probolinggo,4578,Wonomerto,1,1
265,23,Jawa Timur,4577,Kab. Probolinggo,4579,Tongas,1,1
266,23,Jawa Timur,4577,Kab. Probolinggo,4580,Tiris,1,1
267,23,Jawa Timur,4577,Kab. Probolinggo,4581,Tegal Siwalan,1,1
268,23,Jawa Timur,4577,Kab. Probolinggo,4582,Sumberasih,1,1
269,23,Jawa Timur,4577,Kab. Probolinggo,4583,Sumber,1,1
270,23,Jawa Timur,4577,Kab. Probolinggo,4584,Sukapura,1,1
271,23,Jawa Timur,4577,Kab. Probolinggo,4585,Pakuniran,1,1
272,23,Jawa Timur,4577,Kab. Probolinggo,4586,Pajarakan,1,1
273,23,Jawa Timur,4577,Kab. Probolinggo,4587,Paiton,1,1
274,23,Jawa Timur,4577,Kab. Probolinggo,4588,Maron,1,1
275,23,Jawa Timur,4577,Kab. Probolinggo,4589,Lumbang,1,1
276,23,Jawa Timur,4577,Kab. Probolinggo,4590,Leces,1,1
277,23,Jawa Timur,4577,Kab. Probolinggo,4591,Kuripan,1,1
278,23,Jawa Timur,4577,Kab. Probolinggo,4592,Krucil,1,1
279,23,Jawa Timur,4577,Kab. Probolinggo,4593,Krejengan,1,1
280,23,Jawa Timur,4577,Kab. Probolinggo,4594,Kraksaan,1,1
281,23,Jawa Timur,4577,Kab. Probolinggo,4595,Kota Anyar,1,1
282,23,Jawa Timur,4577,Kab. Probolinggo,4596,Gending,1,1
283,23,Jawa Timur,4577,Kab. Probolinggo,4597,Gading,1,1
284,23,Jawa Timur,4577,Kab. Probolinggo,4598,Dringu,1,1
285,23,Jawa Timur,4577,Kab. Probolinggo,4599,Besuk,1,1
286,23,Jawa Timur,4577,Kab. Probolinggo,4600,Banyu Anyar,1,1
287,23,Jawa Timur,4577,Kab. Probolinggo,4601,Bantaran,1,1
288,23,Jawa Timur,4577,Kab. Probolinggo,17235,Probolinggo,1,1
289,23,Jawa Timur,4624,Kab. Pasuruan,4625,Wonorejo,4,1
290,23,Jawa Timur,4624,Kab. Pasuruan,4626,Winongan,4,1
291,23,Jawa Timur,4624,Kab. Pasuruan,4627,Tutur,4,1
292,23,Jawa Timur,4624,Kab. Pasuruan,4628,Tosari,2,1
293,23,Jawa Timur,4624,Kab. Pasuruan,4629,Sukorejo,4,1
294,23,Jawa Timur,4624,Kab. Pasuruan,4630,Rembang,4,1
295,23,Jawa Timur,4624,Kab. Pasuruan,4631,Rejoso,4,1
296,23,Jawa Timur,4624,Kab. Pasuruan,4632,Puspo,2,1
297,23,Jawa Timur,4624,Kab. Pasuruan,4633,Purwosari,4,1
298,23,Jawa Timur,4624,Kab. Pasuruan,4634,Purwodadi,4,1
299,23,Jawa Timur,4624,Kab. Pasuruan,4635,Prigen,4,1
300,23,Jawa Timur,4624,Kab. Pasuruan,4636,Pohjentrek,4,1
301,23,Jawa Timur,4624,Kab. Pasuruan,4637,Pasrepan,4,1
302,23,Jawa Timur,4624,Kab. Pasuruan,4638,Pandaan,2,1
303,23,Jawa Timur,4624,Kab. Pasuruan,4639,Nguling,4,1
304,23,Jawa Timur,4624,Kab. Pasuruan,4640,Lumbang,2,1
305,23,Jawa Timur,4624,Kab. Pasuruan,4641,Lekok,4,1
306,23,Jawa Timur,4624,Kab. Pasuruan,4642,Kraton,4,1
307,23,Jawa Timur,4624,Kab. Pasuruan,4643,Kejayan,4,1
308,23,Jawa Timur,4624,Kab. Pasuruan,4644,Grati,4,1
309,23,Jawa Timur,4624,Kab. Pasuruan,4645,Gondang Wetan,4,1
310,23,Jawa Timur,4624,Kab. Pasuruan,4646,Gempol,4,1
311,23,Jawa Timur,4624,Kab. Pasuruan,4647,Beji,4,1
312,23,Jawa Timur,4624,Kab. Pasuruan,4648,Bangil,2,1
313,23,Jawa Timur,4624,Kab. Pasuruan,17236,Kedawung Kab. Pasuruan,4,1
314,23,Jawa Timur,4624,Kab. Pasuruan,17237,Nongko Jajar,4,1
315,23,Jawa Timur,4649,Kab. Pamekasan,4650,Waru,4,1
316,23,Jawa Timur,4649,Kab. Pamekasan,4651,Tlanakan,4,1
317,23,Jawa Timur,4649,Kab. Pamekasan,4652,Proppo,4,1
318,23,Jawa Timur,4649,Kab. Pamekasan,4653,Pegantenan,4,1
319,23,Jawa Timur,4649,Kab. Pamekasan,4654,Pasean,4,1
320,23,Jawa Timur,4649,Kab. Pamekasan,4655,Pamekasan,2,1
321,23,Jawa Timur,4649,Kab. Pamekasan,4656,Palenga'an,4,1
322,23,Jawa Timur,4649,Kab. Pamekasan,4657,Pakong,4,1
323,23,Jawa Timur,4649,Kab. Pamekasan,4658,Pademawu,4,1
324,23,Jawa Timur,4649,Kab. Pamekasan,4659,Larangan,4,1
325,23,Jawa Timur,4649,Kab. Pamekasan,4660,Kadur,4,1
326,23,Jawa Timur,4649,Kab. Pamekasan,4661,Galis,4,1
327,23,Jawa Timur,4649,Kab. Pamekasan,4662,Batumarmar,4,1
328,23,Jawa Timur,4649,Kab. Pamekasan,17238,Palengaan,4,1
329,23,Jawa Timur,4696,Kab. Nganjuk,4697,Wilangan,4,1
330,23,Jawa Timur,4696,Kab. Nganjuk,4698,Tanjunganom,4,1
331,23,Jawa Timur,4696,Kab. Nganjuk,4699,Sukomoro,4,1
332,23,Jawa Timur,4696,Kab. Nganjuk,4700,Sawahan,4,1
333,23,Jawa Timur,4696,Kab. Nganjuk,4701,Rejoso,4,1
334,23,Jawa Timur,4696,Kab. Nganjuk,4702,Prambon,4,1
335,23,Jawa Timur,4696,Kab. Nganjuk,4703,Patianrowo,4,1
336,23,Jawa Timur,4696,Kab. Nganjuk,4704,Pace,4,1
337,23,Jawa Timur,4696,Kab. Nganjuk,4705,Ngronggot,4,1
338,23,Jawa Timur,4696,Kab. Nganjuk,4706,Ngluyu,4,1
339,23,Jawa Timur,4696,Kab. Nganjuk,4707,Ngetos,4,1
340,23,Jawa Timur,4696,Kab. Nganjuk,4708,Nganjuk,2,1
341,23,Jawa Timur,4696,Kab. Nganjuk,4709,Loceret,4,1
342,23,Jawa Timur,4696,Kab. Nganjuk,4710,Lengkong,4,1
343,23,Jawa Timur,4696,Kab. Nganjuk,4711,Kertosono,4,1
344,23,Jawa Timur,4696,Kab. Nganjuk,4712,Jatikalen,4,1
345,23,Jawa Timur,4696,Kab. Nganjuk,4713,Gondang,4,1
346,23,Jawa Timur,4696,Kab. Nganjuk,4714,Berbek,4,1
347,23,Jawa Timur,4696,Kab. Nganjuk,4715,Baron,4,1
348,23,Jawa Timur,4696,Kab. Nganjuk,4716,Bagor,4,1
349,23,Jawa Timur,4717,Kab. Mojokerto,4718,Trowulan,1,1
350,23,Jawa Timur,4717,Kab. Mojokerto,4719,Trawas,1,1
351,23,Jawa Timur,4717,Kab. Mojokerto,4720,Sooko,1,1
352,23,Jawa Timur,4717,Kab. Mojokerto,4721,Puri,1,1
353,23,Jawa Timur,4717,Kab. Mojokerto,4722,Pungging,1,1
354,23,Jawa Timur,4717,Kab. Mojokerto,4723,Pacet,1,1
355,23,Jawa Timur,4717,Kab. Mojokerto,4724,Ngoro,1,1
356,23,Jawa Timur,4717,Kab. Mojokerto,4725,Mojosari,1,1
357,23,Jawa Timur,4717,Kab. Mojokerto,4726,Mojoanyar,1,1
358,23,Jawa Timur,4717,Kab. Mojokerto,4727,Kutorejo,1,1
359,23,Jawa Timur,4717,Kab. Mojokerto,4728,Kemlagi,1,1
360,23,Jawa Timur,4717,Kab. Mojokerto,4729,Jetis,1,1
361,23,Jawa Timur,4717,Kab. Mojokerto,4730,Jatirejo,1,1
362,23,Jawa Timur,4717,Kab. Mojokerto,4731,Gondang,1,1
363,23,Jawa Timur,4717,Kab. Mojokerto,4732,Gedeg,1,1
364,23,Jawa Timur,4717,Kab. Mojokerto,4733,Dlanggu,1,1
365,23,Jawa Timur,4717,Kab. Mojokerto,4734,Dawar Blandong,1,1
366,23,Jawa Timur,4717,Kab. Mojokerto,4735,Bangsal,1,1
367,23,Jawa Timur,4717,Kab. Mojokerto,17240,Mojokerto,1,1
368,23,Jawa Timur,4789,Kab. Madiun,4790,Wungu,2,1
369,23,Jawa Timur,4789,Kab. Madiun,4791,Wonoasri,2,1
370,23,Jawa Timur,4789,Kab. Madiun,4792,Sawahan,2,1
371,23,Jawa Timur,4789,Kab. Madiun,4793,Saradan,2,1
372,23,Jawa Timur,4789,Kab. Madiun,4794,Pilangkenceng,2,1
373,23,Jawa Timur,4789,Kab. Madiun,4795,Mejayan,2,1
374,23,Jawa Timur,4789,Kab. Madiun,4796,Madiun,2,1
375,23,Jawa Timur,4789,Kab. Madiun,4797,Kebonsari,2,1
376,23,Jawa Timur,4789,Kab. Madiun,4798,Kare,2,1
377,23,Jawa Timur,4789,Kab. Madiun,4799,Jiwan,2,1
378,23,Jawa Timur,4789,Kab. Madiun,4800,Gemarang,2,1
379,23,Jawa Timur,4789,Kab. Madiun,4801,Geger,2,1
380,23,Jawa Timur,4789,Kab. Madiun,4802,Dolopo,2,1
381,23,Jawa Timur,4789,Kab. Madiun,4803,Dagangan,2,1
382,23,Jawa Timur,4789,Kab. Madiun,4804,Balerejo,2,1
383,23,Jawa Timur,4789,Kab. Madiun,17241,Caruban,4,1
384,23,Jawa Timur,4805,Kab. Lumajang,4806,Yosowilangun,1,1
385,23,Jawa Timur,4805,Kab. Lumajang,4807,Tempursari,1,1
386,23,Jawa Timur,4805,Kab. Lumajang,4808,Tempeh,1,1
387,23,Jawa Timur,4805,Kab. Lumajang,4809,Tekung,1,1
388,23,Jawa Timur,4805,Kab. Lumajang,4810,Sumbersuko,1,1
389,23,Jawa Timur,4805,Kab. Lumajang,4811,Sukodono,1,1
390,23,Jawa Timur,4805,Kab. Lumajang,4812,Senduro,1,1
391,23,Jawa Timur,4805,Kab. Lumajang,4813,Rowokangkung,1,1
392,23,Jawa Timur,4805,Kab. Lumajang,4814,Ranuyoso,1,1
393,23,Jawa Timur,4805,Kab. Lumajang,4815,Randuagung,1,1
394,23,Jawa Timur,4805,Kab. Lumajang,4816,Pronojiwo,1,1
395,23,Jawa Timur,4805,Kab. Lumajang,4817,Pasrujambe/pasujambe,1,1
396,23,Jawa Timur,4805,Kab. Lumajang,4818,Pasirian,1,1
397,23,Jawa Timur,4805,Kab. Lumajang,4819,Padang,1,1
398,23,Jawa Timur,4805,Kab. Lumajang,4820,Lumajang,1,1
399,23,Jawa Timur,4805,Kab. Lumajang,4821,Kunir,1,1
400,23,Jawa Timur,4805,Kab. Lumajang,4822,Klakah,1,1
401,23,Jawa Timur,4805,Kab. Lumajang,4823,Kedungjajang,1,1
402,23,Jawa Timur,4805,Kab. Lumajang,4824,Jatiroto,1,1
403,23,Jawa Timur,4805,Kab. Lumajang,4825,Gucialit,1,1
404,23,Jawa Timur,4805,Kab. Lumajang,4826,Candipuro,1,1
405,23,Jawa Timur,4827,Kab. Lamongan,4828,Turi,4,1
406,23,Jawa Timur,4827,Kab. Lamongan,4829,Tikung,4,1
407,23,Jawa Timur,4827,Kab. Lamongan,4830,Sukorame,4,1
408,23,Jawa Timur,4827,Kab. Lamongan,4831,Sukodadi,4,1
409,23,Jawa Timur,4827,Kab. Lamongan,4832,Sugio,4,1
410,23,Jawa Timur,4827,Kab. Lamongan,4833,Solokuro,4,1
411,23,Jawa Timur,4827,Kab. Lamongan,4834,Sekaran,4,1
412,23,Jawa Timur,4827,Kab. Lamongan,4835,Sarirejo,4,1
413,23,Jawa Timur,4827,Kab. Lamongan,4836,Sambeng,4,1
414,23,Jawa Timur,4827,Kab. Lamongan,4837,Pucuk,4,1
415,23,Jawa Timur,4827,Kab. Lamongan,4838,Paciran,4,1
416,23,Jawa Timur,4827,Kab. Lamongan,4839,Ngimbang,4,1
417,23,Jawa Timur,4827,Kab. Lamongan,4840,Modo,4,1
418,23,Jawa Timur,4827,Kab. Lamongan,4841,Mantup,4,1
419,23,Jawa Timur,4827,Kab. Lamongan,4842,Maduran,4,1
420,23,Jawa Timur,4827,Kab. Lamongan,4843,Laren,4,1
421,23,Jawa Timur,4827,Kab. Lamongan,4844,Lamongan,2,1
422,23,Jawa Timur,4827,Kab. Lamongan,4845,Kembangbahu,4,1
423,23,Jawa Timur,4827,Kab. Lamongan,4846,Kedungpring,4,1
424,23,Jawa Timur,4827,Kab. Lamongan,4847,Karangbinangun,4,1
425,23,Jawa Timur,4827,Kab. Lamongan,4848,Karang Geneng,4,1
426,23,Jawa Timur,4827,Kab. Lamongan,4849,Kalitengah,4,1
427,23,Jawa Timur,4827,Kab. Lamongan,4850,Glagah,4,1
428,23,Jawa Timur,4827,Kab. Lamongan,4851,Deket,4,1
429,23,Jawa Timur,4827,Kab. Lamongan,4852,Brondong,4,1
430,23,Jawa Timur,4827,Kab. Lamongan,4853,Bluluk,4,1
431,23,Jawa Timur,4827,Kab. Lamongan,4854,Babat,4,1
432,23,Jawa Timur,4855,Kab. Kediri,4856,Wates,4,1
433,23,Jawa Timur,4855,Kab. Kediri,4857,Tarokan,4,1
434,23,Jawa Timur,4855,Kab. Kediri,4858,Semen,4,1
435,23,Jawa Timur,4855,Kab. Kediri,4859,Ringinrejo,4,1
436,23,Jawa Timur,4855,Kab. Kediri,4860,Purwoasri,4,1
437,23,Jawa Timur,4855,Kab. Kediri,4861,Puncu,4,1
438,23,Jawa Timur,4855,Kab. Kediri,4862,Plosoklaten,4,1
439,23,Jawa Timur,4855,Kab. Kediri,4863,Plemahan,4,1
440,23,Jawa Timur,4855,Kab. Kediri,4864,Pare,2,1
441,23,Jawa Timur,4855,Kab. Kediri,4865,Papar,4,1
442,23,Jawa Timur,4855,Kab. Kediri,4866,Pagu,4,1
443,23,Jawa Timur,4855,Kab. Kediri,4867,Ngasem,2,1
444,23,Jawa Timur,4855,Kab. Kediri,4868,Ngancar,4,1
445,23,Jawa Timur,4855,Kab. Kediri,4869,Ngadiluwih,2,1
446,23,Jawa Timur,4855,Kab. Kediri,4870,Mojo,4,1
447,23,Jawa Timur,4855,Kab. Kediri,4871,Kunjang,4,1
448,23,Jawa Timur,4855,Kab. Kediri,4872,Kras,4,1
449,23,Jawa Timur,4855,Kab. Kediri,4873,Kepung,4,1
450,23,Jawa Timur,4855,Kab. Kediri,4874,Kayen Kidul,4,1
451,23,Jawa Timur,4855,Kab. Kediri,4875,Kandat,4,1
452,23,Jawa Timur,4855,Kab. Kediri,4876,Kandangan,4,1
453,23,Jawa Timur,4855,Kab. Kediri,4877,Gurah,2,1
454,23,Jawa Timur,4855,Kab. Kediri,4878,Grogol,4,1
455,23,Jawa Timur,4855,Kab. Kediri,4879,Gampengrejo,2,1
456,23,Jawa Timur,4855,Kab. Kediri,4880,Banyakan,4,1
457,23,Jawa Timur,4855,Kab. Kediri,4881,Badas,2,1
458,23,Jawa Timur,4882,Kab. Jombang,4883,Wonosalam,4,1
459,23,Jawa Timur,4882,Kab. Jombang,4884,Tembelang,4,1
460,23,Jawa Timur,4882,Kab. Jombang,4885,Sumobito,4,1
461,23,Jawa Timur,4882,Kab. Jombang,4886,Ploso,4,1
462,23,Jawa Timur,4882,Kab. Jombang,4887,Plandaan,2,1
463,23,Jawa Timur,4882,Kab. Jombang,4888,Peterongan,4,1
464,23,Jawa Timur,4882,Kab. Jombang,4889,Perak,4,1
465,23,Jawa Timur,4882,Kab. Jombang,4890,Ngusikan,4,1
466,23,Jawa Timur,4882,Kab. Jombang,4891,Ngoro,4,1
467,23,Jawa Timur,4882,Kab. Jombang,4892,Mojowarno,4,1
468,23,Jawa Timur,4882,Kab. Jombang,4893,Mojoagung,4,1
469,23,Jawa Timur,4882,Kab. Jombang,4894,Megaluh,4,1
470,23,Jawa Timur,4882,Kab. Jombang,4895,Kudu,4,1
471,23,Jawa Timur,4882,Kab. Jombang,4896,Kesamben,4,1
472,23,Jawa Timur,4882,Kab. Jombang,4897,Kabuh,4,1
473,23,Jawa Timur,4882,Kab. Jombang,4898,Jombang,2,1
474,23,Jawa Timur,4882,Kab. Jombang,4899,Jogoroto,4,1
475,23,Jawa Timur,4882,Kab. Jombang,4900,Gudo,4,1
476,23,Jawa Timur,4882,Kab. Jombang,4901,Diwek,4,1
477,23,Jawa Timur,4882,Kab. Jombang,4902,Bareng,4,1
478,23,Jawa Timur,4882,Kab. Jombang,4903,Bandar Kedung Mulyo,4,1
479,23,Jawa Timur,4904,Kab. Jember,4905,Wuluhan,1,1
480,23,Jawa Timur,4904,Kab. Jember,4906,Umbulsari,1,1
481,23,Jawa Timur,4904,Kab. Jember,4907,Tempurejo,1,1
482,23,Jawa Timur,4904,Kab. Jember,4908,Tanggul,1,1
483,23,Jawa Timur,4904,Kab. Jember,4909,Sumber Sari,1,1
484,23,Jawa Timur,4904,Kab. Jember,4910,Sumber Jambe,1,1
485,23,Jawa Timur,4904,Kab. Jember,4911,Sumber Baru,1,1
486,23,Jawa Timur,4904,Kab. Jember,4912,Sukowono,1,1
487,23,Jawa Timur,4904,Kab. Jember,4913,Sukorambi,1,1
488,23,Jawa Timur,4904,Kab. Jember,4914,Silo,1,1
489,23,Jawa Timur,4904,Kab. Jember,4915,Semboro,1,1
490,23,Jawa Timur,4904,Kab. Jember,4916,Rambipuji,1,1
491,23,Jawa Timur,4904,Kab. Jember,4917,Puger,1,1
492,23,Jawa Timur,4904,Kab. Jember,4918,Patrang,1,1
493,23,Jawa Timur,4904,Kab. Jember,4919,Panti,1,1
494,23,Jawa Timur,4904,Kab. Jember,4920,Pakusari,1,1
495,23,Jawa Timur,4904,Kab. Jember,4921,Mumbulsari,1,1
496,23,Jawa Timur,4904,Kab. Jember,4922,Mayang,1,1
497,23,Jawa Timur,4904,Kab. Jember,4923,Ledokombo,1,1
498,23,Jawa Timur,4904,Kab. Jember,4924,Kencong,1,1
499,23,Jawa Timur,4904,Kab. Jember,4925,Kaliwates,1,1
500,23,Jawa Timur,4904,Kab. Jember,4926,Kalisat,1,1
501,23,Jawa Timur,4904,Kab. Jember,4927,Jombang,1,1
502,23,Jawa Timur,4904,Kab. Jember,4928,Jenggawah,1,1
503,23,Jawa Timur,4904,Kab. Jember,4929,Jelbuk,1,1
504,23,Jawa Timur,4904,Kab. Jember,4930,Gumuk Mas,1,1
505,23,Jawa Timur,4904,Kab. Jember,4931,Bangsalsari,1,1
506,23,Jawa Timur,4904,Kab. Jember,4932,Balung,1,1
507,23,Jawa Timur,4904,Kab. Jember,4933,Arjasa,1,1
508,23,Jawa Timur,4904,Kab. Jember,4934,Ambulu,1,1
509,23,Jawa Timur,4904,Kab. Jember,4935,Ajung,1,1
510,23,Jawa Timur,4904,Kab. Jember,17242,Jember,1,1
511,23,Jawa Timur,4936,Kab. Gresik,4937,Wringin Anom,4,1
512,23,Jawa Timur,4936,Kab. Gresik,4938,Ujung Pangkah,4,1
513,23,Jawa Timur,4936,Kab. Gresik,4939,Tambak,4,1
514,23,Jawa Timur,4936,Kab. Gresik,4940,Sidayu,4,1
515,23,Jawa Timur,4936,Kab. Gresik,4941,Sangkapura,4,1
516,23,Jawa Timur,4936,Kab. Gresik,4942,Panceng,4,1
517,23,Jawa Timur,4936,Kab. Gresik,4943,Menganti,4,1
518,23,Jawa Timur,4936,Kab. Gresik,4944,Manyar,4,1
519,23,Jawa Timur,4936,Kab. Gresik,4945,Kedamean,4,1
520,23,Jawa Timur,4936,Kab. Gresik,4946,Kebomas,4,1
521,23,Jawa Timur,4936,Kab. Gresik,4947,Gresik,2,1
522,23,Jawa Timur,4936,Kab. Gresik,4948,Dukun,4,1
523,23,Jawa Timur,4936,Kab. Gresik,4949,Duduk Sampeyan,4,1
524,23,Jawa Timur,4936,Kab. Gresik,4950,Driyorejo,4,1
525,23,Jawa Timur,4936,Kab. Gresik,4951,Cerme,4,1
526,23,Jawa Timur,4936,Kab. Gresik,4952,Bungah,4,1
527,23,Jawa Timur,4936,Kab. Gresik,4953,Benjeng,4,1
528,23,Jawa Timur,4936,Kab. Gresik,4954,Balong Panggang,4,1
529,23,Jawa Timur,4979,Kab. Bojonegoro,4980,Trucuk,4,1
530,23,Jawa Timur,4979,Kab. Bojonegoro,4981,Temayang,4,1
531,23,Jawa Timur,4979,Kab. Bojonegoro,4982,Tambakrejo,4,1
532,23,Jawa Timur,4979,Kab. Bojonegoro,4983,Sumberrejo,4,1
533,23,Jawa Timur,4979,Kab. Bojonegoro,4984,Sukosewu,4,1
534,23,Jawa Timur,4979,Kab. Bojonegoro,4985,Sugihwaras,4,1
535,23,Jawa Timur,4979,Kab. Bojonegoro,4986,Sekar,2,1
536,23,Jawa Timur,4979,Kab. Bojonegoro,4987,Purwosari,2,1
537,23,Jawa Timur,4979,Kab. Bojonegoro,4988,Padangan,4,1
538,23,Jawa Timur,4979,Kab. Bojonegoro,4989,Ngraho,4,1
539,23,Jawa Timur,4979,Kab. Bojonegoro,4990,Ngasem,4,1
540,23,Jawa Timur,4979,Kab. Bojonegoro,4991,Ngambon,4,1
541,23,Jawa Timur,4979,Kab. Bojonegoro,4992,Margomulyo,4,1
542,23,Jawa Timur,4979,Kab. Bojonegoro,4993,Malo,4,1
543,23,Jawa Timur,4979,Kab. Bojonegoro,4994,Kepoh Baru,4,1
544,23,Jawa Timur,4979,Kab. Bojonegoro,4995,Kedungadem,4,1
545,23,Jawa Timur,4979,Kab. Bojonegoro,4996,Kedewan,4,1
546,23,Jawa Timur,4979,Kab. Bojonegoro,4997,Kasiman,4,1
547,23,Jawa Timur,4979,Kab. Bojonegoro,4998,Kapas,4,1
548,23,Jawa Timur,4979,Kab. Bojonegoro,4999,Kanor,4,1
549,23,Jawa Timur,4979,Kab. Bojonegoro,5000,Kalitidu,4,1
550,23,Jawa Timur,4979,Kab. Bojonegoro,5001,Gondang,4,1
551,23,Jawa Timur,4979,Kab. Bojonegoro,5002,Dander,4,1
552,23,Jawa Timur,4979,Kab. Bojonegoro,5003,Bubulan,4,1
553,23,Jawa Timur,4979,Kab. Bojonegoro,5004,Bojonegoro,2,1
554,23,Jawa Timur,4979,Kab. Bojonegoro,5005,Baureno,4,1
555,23,Jawa Timur,4979,Kab. Bojonegoro,5006,Balen,4,1
556,23,Jawa Timur,5055,Kab. Bangkalan,5056,Tragah,2,1
557,23,Jawa Timur,5055,Kab. Bangkalan,5057,Tanjungbumi,4,1
558,23,Jawa Timur,5055,Kab. Bangkalan,5058,Tanah Merah,4,1
559,23,Jawa Timur,5055,Kab. Bangkalan,5059,Socah,4,1
560,23,Jawa Timur,5055,Kab. Bangkalan,5060,Sepulu,4,1
561,23,Jawa Timur,5055,Kab. Bangkalan,5061,Modung,4,1
562,23,Jawa Timur,5055,Kab. Bangkalan,5062,Labang,4,1
563,23,Jawa Timur,5055,Kab. Bangkalan,5063,Kwanyar,4,1
564,23,Jawa Timur,5055,Kab. Bangkalan,5064,Konang,4,1
565,23,Jawa Timur,5055,Kab. Bangkalan,5065,Kokop,4,1
566,23,Jawa Timur,5055,Kab. Bangkalan,5066,Klampis,4,1
567,23,Jawa Timur,5055,Kab. Bangkalan,5067,Kamal,4,1
568,23,Jawa Timur,5055,Kab. Bangkalan,5068,Geger,4,1
569,23,Jawa Timur,5055,Kab. Bangkalan,5069,Galis,4,1
570,23,Jawa Timur,5055,Kab. Bangkalan,5070,Burneh,4,1
571,23,Jawa Timur,5055,Kab. Bangkalan,5071,Blega,4,1
572,23,Jawa Timur,5055,Kab. Bangkalan,5072,Bangkalan,2,1
573,23,Jawa Timur,5055,Kab. Bangkalan,5073,Arosbaya,4,1
574,23,Jawa Timur,5055,Kab. Bangkalan,17244,Balega,4,1
575,23,Jawa Timur,5074,Kota Surabaya,5075,Wonokromo,1,1
576,23,Jawa Timur,5074,Kota Surabaya,5076,Wonocolo,1,1
577,23,Jawa Timur,5074,Kota Surabaya,5077,Wiyung,1,1
578,23,Jawa Timur,5074,Kota Surabaya,5078,Tenggilis Mejoyo,1,1
579,23,Jawa Timur,5074,Kota Surabaya,5079,Tegalsari,1,1
580,23,Jawa Timur,5074,Kota Surabaya,5080,Tandes,1,1
581,23,Jawa Timur,5074,Kota Surabaya,5081,Tambaksari,1,1
582,23,Jawa Timur,5074,Kota Surabaya,5082,Sukomanunggal,1,1
583,23,Jawa Timur,5074,Kota Surabaya,5083,Sukolilo,1,1
584,23,Jawa Timur,5074,Kota Surabaya,5084,Simokerto,1,1
585,23,Jawa Timur,5074,Kota Surabaya,5085,Semampir,1,1
586,23,Jawa Timur,5074,Kota Surabaya,5086,Sawahan,1,1
587,23,Jawa Timur,5074,Kota Surabaya,5087,Sambikerep,1,1
588,23,Jawa Timur,5074,Kota Surabaya,5088,Rungkut,1,1
589,23,Jawa Timur,5074,Kota Surabaya,5089,Pakal,1,1
590,23,Jawa Timur,5074,Kota Surabaya,5090,Pabean Cantikan,1,1
591,23,Jawa Timur,5074,Kota Surabaya,5091,Mulyorejo,1,1
592,23,Jawa Timur,5074,Kota Surabaya,5092,Lakar Santri,1,1
593,23,Jawa Timur,5074,Kota Surabaya,5093,Krembangan,1,1
594,23,Jawa Timur,5074,Kota Surabaya,5094,Kenjeran,1,1
595,23,Jawa Timur,5074,Kota Surabaya,5095,Karangpilang,1,1
596,23,Jawa Timur,5074,Kota Surabaya,5096,Jambangan,1,1
597,23,Jawa Timur,5074,Kota Surabaya,5097,Gununganyar,1,1
598,23,Jawa Timur,5074,Kota Surabaya,5098,Gubeng,1,1
599,23,Jawa Timur,5074,Kota Surabaya,5099,Genteng,1,1
600,23,Jawa Timur,5074,Kota Surabaya,5100,Gayungan,1,1
601,23,Jawa Timur,5074,Kota Surabaya,5101,Dukuh Pakis,1,1
602,23,Jawa Timur,5074,Kota Surabaya,5102,Bulak,1,1
603,23,Jawa Timur,5074,Kota Surabaya,5103,Bubutan,1,1
604,23,Jawa Timur,5074,Kota Surabaya,5104,Benowo,1,1
605,23,Jawa Timur,5074,Kota Surabaya,5105,Asemrowo,1,1
606,23,Jawa Timur,5106,Kota Probolinggo,5107,Wonoasih,1,1
607,23,Jawa Timur,5106,Kota Probolinggo,5108,Mayangan,1,1
608,23,Jawa Timur,5106,Kota Probolinggo,5109,Kademangan,1,1
609,23,Jawa Timur,5106,Kota Probolinggo,17245,Kanigaran,1,1
610,23,Jawa Timur,5106,Kota Probolinggo,17246,Kedopok,1,1
611,23,Jawa Timur,5110,Kota Pasuruan,5111,Purworejo,1,1
612,23,Jawa Timur,5110,Kota Pasuruan,5112,Gadingrejo,1,1
613,23,Jawa Timur,5110,Kota Pasuruan,5113,Bugul Kidul,1,1
614,23,Jawa Timur,5110,Kota Pasuruan,17247,Pasuruan,1,1
615,23,Jawa Timur,5114,Kota Mojokerto,5115,Prajurit Kulon,1,1
616,23,Jawa Timur,5114,Kota Mojokerto,5116,Magersari,1,1
617,23,Jawa Timur,5117,Kota Malang,5118,Sukun,1,1
618,23,Jawa Timur,5117,Kota Malang,5119,Lowokwaru,1,1
619,23,Jawa Timur,5117,Kota Malang,5120,Klojen,1,1
620,23,Jawa Timur,5117,Kota Malang,5121,Kedungkandang,1,1
621,23,Jawa Timur,5117,Kota Malang,5122,Blimbing,1,1
622,23,Jawa Timur,5117,Kota Malang,17248,Malang,1,1
623,23,Jawa Timur,5123,Kota Madiun,5124,Taman,1,1
624,23,Jawa Timur,5123,Kota Madiun,5125,Manguharjo,1,1
625,23,Jawa Timur,5123,Kota Madiun,5126,Kartoharjo,1,1
626,23,Jawa Timur,5123,Kota Madiun,17249,Madiun Kota Madiun,1,1
627,23,Jawa Timur,5127,Kota Kediri,5128,Pesantren,1,1
628,23,Jawa Timur,5127,Kota Kediri,5129,Mojoroto,1,1
629,23,Jawa Timur,5127,Kota Kediri,5130,Kediri Kota,1,1
630,46,Jawa Tengah,5255,Kab. Semarang,5256,Ungaran Timur,2,1
631,46,Jawa Tengah,5255,Kab. Semarang,5257,Ungaran Barat,2,1
632,46,Jawa Tengah,5255,Kab. Semarang,5258,Tuntang,4,1
633,46,Jawa Tengah,5255,Kab. Semarang,5259,Tengaran,4,1
634,46,Jawa Tengah,5255,Kab. Semarang,5260,Susukan,4,1
635,46,Jawa Tengah,5255,Kab. Semarang,5261,Suruh,4,1
636,46,Jawa Tengah,5255,Kab. Semarang,5262,Sumowono,4,1
637,46,Jawa Tengah,5255,Kab. Semarang,5263,Pringapus,4,1
638,46,Jawa Tengah,5255,Kab. Semarang,5264,Pabelan,4,1
639,46,Jawa Tengah,5255,Kab. Semarang,5265,Kaliwungu,4,1
640,46,Jawa Tengah,5255,Kab. Semarang,5266,Jambu,4,1
641,46,Jawa Tengah,5255,Kab. Semarang,5267,Getasan,4,1
642,46,Jawa Tengah,5255,Kab. Semarang,5268,Bringin,4,1
643,46,Jawa Tengah,5255,Kab. Semarang,5269,Bergas,4,1
644,46,Jawa Tengah,5255,Kab. Semarang,5270,Bawen,4,1
645,46,Jawa Tengah,5255,Kab. Semarang,5271,Banyubiru,4,1
646,46,Jawa Tengah,5255,Kab. Semarang,5272,Bandungan,4,1
647,46,Jawa Tengah,5255,Kab. Semarang,5273,Bancak,4,1
648,46,Jawa Tengah,5255,Kab. Semarang,5274,Ambarawa,4,1
649,46,Jawa Tengah,5255,Kab. Semarang,17493,Ungaran,2,1
650,46,Jawa Tengah,5361,Kab. Pati,5362,Winong,3,1
651,46,Jawa Tengah,5361,Kab. Pati,5363,Wedarijaksa,3,1
652,46,Jawa Tengah,5361,Kab. Pati,5364,Trangkil,3,1
653,46,Jawa Tengah,5361,Kab. Pati,5365,Tlogowungu,3,1
654,46,Jawa Tengah,5361,Kab. Pati,5366,Tayu,3,1
655,46,Jawa Tengah,5361,Kab. Pati,5367,Tambakromo,3,1
656,46,Jawa Tengah,5361,Kab. Pati,5368,Sukolilo,3,1
657,46,Jawa Tengah,5361,Kab. Pati,5369,Pucakwangi,3,1
658,46,Jawa Tengah,5361,Kab. Pati,5370,Pati,3,1
659,46,Jawa Tengah,5361,Kab. Pati,5371,Margoyoso,3,1
660,46,Jawa Tengah,5361,Kab. Pati,5372,Margorejo,3,1
661,46,Jawa Tengah,5361,Kab. Pati,5373,Kayen,3,1
662,46,Jawa Tengah,5361,Kab. Pati,5374,Juwana,3,1
663,46,Jawa Tengah,5361,Kab. Pati,5375,Jakenan,3,1
664,46,Jawa Tengah,5361,Kab. Pati,5376,Jaken,3,1
665,46,Jawa Tengah,5361,Kab. Pati,5377,Gunungwungkal,3,1
666,46,Jawa Tengah,5361,Kab. Pati,5378,Gembong,3,1
667,46,Jawa Tengah,5361,Kab. Pati,5379,Gabus,3,1
668,46,Jawa Tengah,5361,Kab. Pati,5380,Dukuhseti,3,1
669,46,Jawa Tengah,5361,Kab. Pati,5381,Cluwak,3,1
670,46,Jawa Tengah,5361,Kab. Pati,5382,Batangan,3,1
671,46,Jawa Tengah,5361,Kab. Pati,17494,Telogowungu,3,1
672,46,Jawa Tengah,5415,Kab. Klaten,5416,Wonosari,3,1
673,46,Jawa Tengah,5415,Kab. Klaten,5417,Wedi,3,1
674,46,Jawa Tengah,5415,Kab. Klaten,5418,Tulung,3,1
675,46,Jawa Tengah,5415,Kab. Klaten,5419,Trucuk,3,1
676,46,Jawa Tengah,5415,Kab. Klaten,5420,Prambanan,3,1
677,46,Jawa Tengah,5415,Kab. Klaten,5421,Polanharjo,3,1
678,46,Jawa Tengah,5415,Kab. Klaten,5422,Pedan,3,1
679,46,Jawa Tengah,5415,Kab. Klaten,5423,Ngawen,3,1
680,46,Jawa Tengah,5415,Kab. Klaten,5424,Manisrenggo,3,1
681,46,Jawa Tengah,5415,Kab. Klaten,5425,Klaten Utara,3,1
682,46,Jawa Tengah,5415,Kab. Klaten,5426,Klaten Tengah,3,1
683,46,Jawa Tengah,5415,Kab. Klaten,5427,Klaten Selatan,3,1
684,46,Jawa Tengah,5415,Kab. Klaten,5428,Kemalang,3,1
685,46,Jawa Tengah,5415,Kab. Klaten,5429,Kebonarum,3,1
686,46,Jawa Tengah,5415,Kab. Klaten,5430,Karangnongko,3,1
687,46,Jawa Tengah,5415,Kab. Klaten,5431,Karangdowo,3,1
688,46,Jawa Tengah,5415,Kab. Klaten,5432,Karanganom,3,1
689,46,Jawa Tengah,5415,Kab. Klaten,5433,Kalikotes,3,1
690,46,Jawa Tengah,5415,Kab. Klaten,5434,Juwiring,3,1
691,46,Jawa Tengah,5415,Kab. Klaten,5435,Jogonalan,3,1
692,46,Jawa Tengah,5415,Kab. Klaten,5436,Jatinom,3,1
693,46,Jawa Tengah,5415,Kab. Klaten,5437,Gantiwarno,3,1
694,46,Jawa Tengah,5415,Kab. Klaten,5438,Delanggu,3,1
695,46,Jawa Tengah,5415,Kab. Klaten,5439,Ceper,3,1
696,46,Jawa Tengah,5415,Kab. Klaten,5440,Cawas,3,1
697,46,Jawa Tengah,5415,Kab. Klaten,5441,Bayat,3,1
698,46,Jawa Tengah,5415,Kab. Klaten,17496,Klaten,3,1
699,46,Jawa Tengah,5656,Kab. Banyumas,5657,Wangon,3,1
700,46,Jawa Tengah,5656,Kab. Banyumas,5658,Tambak,3,1
701,46,Jawa Tengah,5656,Kab. Banyumas,5659,Sumpiuh,3,1
702,46,Jawa Tengah,5656,Kab. Banyumas,5660,Sumbang,3,1
703,46,Jawa Tengah,5656,Kab. Banyumas,5661,Somagede,3,1
704,46,Jawa Tengah,5656,Kab. Banyumas,5662,Sokaraja,3,1
705,46,Jawa Tengah,5656,Kab. Banyumas,5663,Rawalo,3,1
706,46,Jawa Tengah,5656,Kab. Banyumas,5664,Purwokerto Utara,3,1
707,46,Jawa Tengah,5656,Kab. Banyumas,5665,Purwokerto Timur,3,1
708,46,Jawa Tengah,5656,Kab. Banyumas,5666,Purwokerto Selatan,3,1
709,46,Jawa Tengah,5656,Kab. Banyumas,5667,Purwokerto Barat,3,1
710,46,Jawa Tengah,5656,Kab. Banyumas,5668,Purwojati,3,1
711,46,Jawa Tengah,5656,Kab. Banyumas,5669,Pekuncen,3,1
712,46,Jawa Tengah,5656,Kab. Banyumas,5670,Patikraja,3,1
713,46,Jawa Tengah,5656,Kab. Banyumas,5671,Lumbir,3,1
714,46,Jawa Tengah,5656,Kab. Banyumas,5672,Kemranjen,3,1
715,46,Jawa Tengah,5656,Kab. Banyumas,5673,Kembaran,3,1
716,46,Jawa Tengah,5656,Kab. Banyumas,5674,Kedung Banteng,3,1
717,46,Jawa Tengah,5656,Kab. Banyumas,5675,Kebasen,3,1
718,46,Jawa Tengah,5656,Kab. Banyumas,5676,Karanglewas,3,1
719,46,Jawa Tengah,5656,Kab. Banyumas,5677,Kalibagor,3,1
720,46,Jawa Tengah,5656,Kab. Banyumas,5678,Jatilawang,3,1
721,46,Jawa Tengah,5656,Kab. Banyumas,5679,Gumelar,3,1
722,46,Jawa Tengah,5656,Kab. Banyumas,5680,Cilongok,3,1
723,46,Jawa Tengah,5656,Kab. Banyumas,5681,Baturaden,3,1
724,46,Jawa Tengah,5656,Kab. Banyumas,5682,Banyumas,3,1
725,46,Jawa Tengah,5656,Kab. Banyumas,5683,Ajibarang,3,1
726,46,Jawa Tengah,5656,Kab. Banyumas,17501,Pakuncen,3,1
727,46,Jawa Tengah,5656,Kab. Banyumas,17502,Purwokerto,3,1
728,46,Jawa Tengah,5710,Kota Surakarta (Solo),5711,Serengan,1,1
729,46,Jawa Tengah,5710,Kota Surakarta (Solo),5712,Pasar Kliwon,1,1
730,46,Jawa Tengah,5710,Kota Surakarta (Solo),5713,Laweyan,1,1
731,46,Jawa Tengah,5710,Kota Surakarta (Solo),5714,Jebres,1,1
732,46,Jawa Tengah,5710,Kota Surakarta (Solo),5715,Banjarsari,1,1
733,46,Jawa Tengah,5710,Kota Surakarta (Solo),17505,Solo,1,1
734,46,Jawa Tengah,5716,Kota Semarang,5717,Tugu,1,1
735,46,Jawa Tengah,5716,Kota Semarang,5718,Tembalang,1,1
736,46,Jawa Tengah,5716,Kota Semarang,5719,Semarang Utara,1,1
737,46,Jawa Tengah,5716,Kota Semarang,5720,Semarang Timur,1,1
738,46,Jawa Tengah,5716,Kota Semarang,5721,Semarang Tengah,1,1
739,46,Jawa Tengah,5716,Kota Semarang,5722,Semarang Selatan,1,1
740,46,Jawa Tengah,5716,Kota Semarang,5723,Semarang Barat,1,1
741,46,Jawa Tengah,5716,Kota Semarang,5724,Pedurungan,1,1
742,46,Jawa Tengah,5716,Kota Semarang,5725,Ngaliyan,1,1
743,46,Jawa Tengah,5716,Kota Semarang,5726,Mijen,1,1
744,46,Jawa Tengah,5716,Kota Semarang,5727,Gunungpati,1,1
745,46,Jawa Tengah,5716,Kota Semarang,5728,Genuk,1,1
746,46,Jawa Tengah,5716,Kota Semarang,5729,Gayamsari,1,1
747,46,Jawa Tengah,5716,Kota Semarang,5730,Gajah Mungkur,1,1
748,46,Jawa Tengah,5716,Kota Semarang,5731,Candisari,1,1
749,46,Jawa Tengah,5716,Kota Semarang,5732,Banyumanik,1,1
750,46,Jawa Tengah,5716,Kota Semarang,17506,Semarang,1,1
751,35,Jawa Barat,5747,Kab. Tasikmalaya,5748,Taraju,1,1
752,35,Jawa Barat,5747,Kab. Tasikmalaya,5749,Tanjungjaya,1,1
753,35,Jawa Barat,5747,Kab. Tasikmalaya,5750,Sukaresik,1,1
754,35,Jawa Barat,5747,Kab. Tasikmalaya,5751,Sukaratu,1,1
755,35,Jawa Barat,5747,Kab. Tasikmalaya,5752,Sukarame,1,1
756,35,Jawa Barat,5747,Kab. Tasikmalaya,5753,Sukaraja,1,1
757,35,Jawa Barat,5747,Kab. Tasikmalaya,5754,Sukahening,1,1
758,35,Jawa Barat,5747,Kab. Tasikmalaya,5755,Sodonghilir,1,1
759,35,Jawa Barat,5747,Kab. Tasikmalaya,5756,Singaparna,1,1
760,35,Jawa Barat,5747,Kab. Tasikmalaya,5757,Sariwangi,1,1
761,35,Jawa Barat,5747,Kab. Tasikmalaya,5758,Salopa,1,1
762,35,Jawa Barat,5747,Kab. Tasikmalaya,5759,Salawu,1,1
763,35,Jawa Barat,5747,Kab. Tasikmalaya,5760,Rajapolah,1,1
764,35,Jawa Barat,5747,Kab. Tasikmalaya,5761,Puspahiang,1,1
765,35,Jawa Barat,5747,Kab. Tasikmalaya,5762,Parungponteng,1,1
766,35,Jawa Barat,5747,Kab. Tasikmalaya,5763,Pancatengah,1,1
767,35,Jawa Barat,5747,Kab. Tasikmalaya,5764,Pagerageung,1,1
768,35,Jawa Barat,5747,Kab. Tasikmalaya,5765,Padakembang,1,1
769,35,Jawa Barat,5747,Kab. Tasikmalaya,5766,Manonjaya,1,1
770,35,Jawa Barat,5747,Kab. Tasikmalaya,5767,Mangunreja,1,1
771,35,Jawa Barat,5747,Kab. Tasikmalaya,5768,Leuwisari,1,1
772,35,Jawa Barat,5747,Kab. Tasikmalaya,5769,Karangnunggal,1,1
773,35,Jawa Barat,5747,Kab. Tasikmalaya,5770,Karang Jaya,1,1
774,35,Jawa Barat,5747,Kab. Tasikmalaya,5771,Kadipaten,1,1
775,35,Jawa Barat,5747,Kab. Tasikmalaya,5772,Jatiwaras,1,1
776,35,Jawa Barat,5747,Kab. Tasikmalaya,5773,Jamanis,1,1
777,35,Jawa Barat,5747,Kab. Tasikmalaya,5774,Gunung Tanjung,1,1
778,35,Jawa Barat,5747,Kab. Tasikmalaya,5775,Culamega,1,1
779,35,Jawa Barat,5747,Kab. Tasikmalaya,5776,Cisayong,1,1
780,35,Jawa Barat,5747,Kab. Tasikmalaya,5777,Cipatujah,1,1
781,35,Jawa Barat,5747,Kab. Tasikmalaya,5778,Cineam,1,1
782,35,Jawa Barat,5747,Kab. Tasikmalaya,5779,Cikatomas,1,1
783,35,Jawa Barat,5747,Kab. Tasikmalaya,5780,Cikalong,1,1
784,35,Jawa Barat,5747,Kab. Tasikmalaya,5781,Cigalontang,1,1
785,35,Jawa Barat,5747,Kab. Tasikmalaya,5782,Cibalong,1,1
786,35,Jawa Barat,5747,Kab. Tasikmalaya,5783,Ciawi,1,1
787,35,Jawa Barat,5747,Kab. Tasikmalaya,5784,Bojonggambir,1,1
788,35,Jawa Barat,5747,Kab. Tasikmalaya,5785,Bojongasih,1,1
789,35,Jawa Barat,5747,Kab. Tasikmalaya,5786,Bantarkalong,1,1
790,35,Jawa Barat,5814,Kab. Sukabumi,5815,Warung Kiara,3,1
791,35,Jawa Barat,5814,Kab. Sukabumi,5816,Waluran,3,1
792,35,Jawa Barat,5814,Kab. Sukabumi,5817,Tegal Buleud,3,1
793,35,Jawa Barat,5814,Kab. Sukabumi,5818,Surade,3,1
794,35,Jawa Barat,5814,Kab. Sukabumi,5819,Sukaraja,3,1
795,35,Jawa Barat,5814,Kab. Sukabumi,5820,Sukalarang,3,1
796,35,Jawa Barat,5814,Kab. Sukabumi,5821,Sukabumi,3,1
797,35,Jawa Barat,5814,Kab. Sukabumi,5822,Simpenan,3,1
798,35,Jawa Barat,5814,Kab. Sukabumi,5823,Sagaranten,3,1
799,35,Jawa Barat,5814,Kab. Sukabumi,5824,Purabaya,3,1
800,35,Jawa Barat,5814,Kab. Sukabumi,5825,Pelabuhan/palabuhan Ratu,3,1
801,35,Jawa Barat,5814,Kab. Sukabumi,5826,Parung Kuda,3,1
802,35,Jawa Barat,5814,Kab. Sukabumi,5827,Parakan Salak,3,1
803,35,Jawa Barat,5814,Kab. Sukabumi,5828,Pabuaran,3,1
804,35,Jawa Barat,5814,Kab. Sukabumi,5829,Nyalindung,3,1
805,35,Jawa Barat,5814,Kab. Sukabumi,5830,Nagrak,3,1
806,35,Jawa Barat,5814,Kab. Sukabumi,5831,Lengkong,3,1
807,35,Jawa Barat,5814,Kab. Sukabumi,5832,Kebonpedes,3,1
808,35,Jawa Barat,5814,Kab. Sukabumi,5833,Kali Bunder,3,1
809,35,Jawa Barat,5814,Kab. Sukabumi,5834,Kalapa Nunggal,3,1
810,35,Jawa Barat,5814,Kab. Sukabumi,5835,Kadudampit,3,1
811,35,Jawa Barat,5814,Kab. Sukabumi,5836,Kabandungan,3,1
812,35,Jawa Barat,5814,Kab. Sukabumi,5837,Jampang Tengah,3,1
813,35,Jawa Barat,5814,Kab. Sukabumi,5838,Jampang Kulon,3,1
814,35,Jawa Barat,5814,Kab. Sukabumi,5839,Gunung Guruh,3,1
815,35,Jawa Barat,5814,Kab. Sukabumi,5840,Geger Bitung,3,1
816,35,Jawa Barat,5814,Kab. Sukabumi,5841,Curugkembar,3,1
817,35,Jawa Barat,5814,Kab. Sukabumi,5842,Cisolok,3,1
818,35,Jawa Barat,5814,Kab. Sukabumi,5843,Cisaat,3,1
819,35,Jawa Barat,5814,Kab. Sukabumi,5844,Cireunghas,3,1
820,35,Jawa Barat,5814,Kab. Sukabumi,5845,Ciracap,3,1
821,35,Jawa Barat,5814,Kab. Sukabumi,5846,Cimanggu,3,1
822,35,Jawa Barat,5814,Kab. Sukabumi,5847,Cikidang,3,1
823,35,Jawa Barat,5814,Kab. Sukabumi,5848,Cikembar,3,1
824,35,Jawa Barat,5814,Kab. Sukabumi,5849,Cikakak,3,1
825,35,Jawa Barat,5814,Kab. Sukabumi,5850,Ciemas,3,1
826,35,Jawa Barat,5814,Kab. Sukabumi,5851,Cidolog,3,1
827,35,Jawa Barat,5814,Kab. Sukabumi,5852,Cidahu,3,1
828,35,Jawa Barat,5814,Kab. Sukabumi,5853,Cidadap,3,1
829,35,Jawa Barat,5814,Kab. Sukabumi,5854,Cicurug,3,1
830,35,Jawa Barat,5814,Kab. Sukabumi,5855,Cicantayan,3,1
831,35,Jawa Barat,5814,Kab. Sukabumi,5856,Cibitung,3,1
832,35,Jawa Barat,5814,Kab. Sukabumi,5857,Cibadak,3,1
833,35,Jawa Barat,5814,Kab. Sukabumi,5858,Ciambar,3,1
834,35,Jawa Barat,5814,Kab. Sukabumi,5859,Caringin,3,1
835,35,Jawa Barat,5814,Kab. Sukabumi,5860,Bojong Genteng,3,1
836,35,Jawa Barat,5814,Kab. Sukabumi,5861,Bantargadung,3,1
837,35,Jawa Barat,5971,Kab. Karawang,5972,Tirtamulya,3,1
838,35,Jawa Barat,5971,Kab. Karawang,5973,Tirtajaya,3,1
839,35,Jawa Barat,5971,Kab. Karawang,5974,Tempuran,3,1
840,35,Jawa Barat,5971,Kab. Karawang,5975,Telukjambe Timur,3,1
841,35,Jawa Barat,5971,Kab. Karawang,5976,Telukjambe Barat,3,1
842,35,Jawa Barat,5971,Kab. Karawang,5977,Tegalwaru,3,1
843,35,Jawa Barat,5971,Kab. Karawang,5978,Talagasari,3,1
844,35,Jawa Barat,5971,Kab. Karawang,5979,Rengasdengklok,3,1
845,35,Jawa Barat,5971,Kab. Karawang,5980,Rawamerta,3,1
846,35,Jawa Barat,5971,Kab. Karawang,5981,Purwasari,3,1
847,35,Jawa Barat,5971,Kab. Karawang,5982,Pedes,3,1
848,35,Jawa Barat,5971,Kab. Karawang,5983,Pangkalan,3,1
849,35,Jawa Barat,5971,Kab. Karawang,5984,Pakisjaya,3,1
850,35,Jawa Barat,5971,Kab. Karawang,5985,Majalaya,3,1
851,35,Jawa Barat,5971,Kab. Karawang,5986,Lemahabang,3,1
852,35,Jawa Barat,5971,Kab. Karawang,5987,Kutawaluya,3,1
853,35,Jawa Barat,5971,Kab. Karawang,5988,Kotabaru,3,1
854,35,Jawa Barat,5971,Kab. Karawang,5989,Klari,3,1
855,35,Jawa Barat,5971,Kab. Karawang,5990,Karawang Timur,3,1
856,35,Jawa Barat,5971,Kab. Karawang,5991,Karawang Barat,3,1
857,35,Jawa Barat,5971,Kab. Karawang,5992,Jayakerta,3,1
858,35,Jawa Barat,5971,Kab. Karawang,5993,Jatisari,3,1
859,35,Jawa Barat,5971,Kab. Karawang,5994,Cilebar,3,1
860,35,Jawa Barat,5971,Kab. Karawang,5995,Cilamaya Wetan,3,1
861,35,Jawa Barat,5971,Kab. Karawang,5996,Cilamaya Kulon,3,1
862,35,Jawa Barat,5971,Kab. Karawang,5997,Cikampek,3,1
863,35,Jawa Barat,5971,Kab. Karawang,5998,Cibuaya,3,1
864,35,Jawa Barat,5971,Kab. Karawang,5999,Ciampel,3,1
865,35,Jawa Barat,5971,Kab. Karawang,6000,Batujaya,3,1
866,35,Jawa Barat,5971,Kab. Karawang,6001,Banyusari,3,1
867,35,Jawa Barat,5971,Kab. Karawang,17375,Karawang,3,1
868,35,Jawa Barat,6002,Kab. Indramayu,6003,Widasari,3,1
869,35,Jawa Barat,6002,Kab. Indramayu,6004,Tukdana,3,1
870,35,Jawa Barat,6002,Kab. Indramayu,6005,Trisi/terisi,3,1
871,35,Jawa Barat,6002,Kab. Indramayu,6006,Sukra,3,1
872,35,Jawa Barat,6002,Kab. Indramayu,6007,Sukagumiwang,3,1
873,35,Jawa Barat,6002,Kab. Indramayu,6008,Sliyeg,3,1
874,35,Jawa Barat,6002,Kab. Indramayu,6009,Sindang,3,1
875,35,Jawa Barat,6002,Kab. Indramayu,6010,Patrol,3,1
876,35,Jawa Barat,6002,Kab. Indramayu,6011,Pasekan,3,1
877,35,Jawa Barat,6002,Kab. Indramayu,6012,Losarang,3,1
878,35,Jawa Barat,6002,Kab. Indramayu,6013,Lohbener,3,1
879,35,Jawa Barat,6002,Kab. Indramayu,6014,Lelea,3,1
880,35,Jawa Barat,6002,Kab. Indramayu,6015,Kroya,3,1
881,35,Jawa Barat,6002,Kab. Indramayu,6016,Krangkeng,3,1
882,35,Jawa Barat,6002,Kab. Indramayu,6017,Kertasemaya,3,1
883,35,Jawa Barat,6002,Kab. Indramayu,6018,Kedokan Bunder,3,1
884,35,Jawa Barat,6002,Kab. Indramayu,6019,Karangampel,3,1
885,35,Jawa Barat,6002,Kab. Indramayu,6020,Kandanghaur,3,1
886,35,Jawa Barat,6002,Kab. Indramayu,6021,Juntinyuat,3,1
887,35,Jawa Barat,6002,Kab. Indramayu,6022,Jatibarang,3,1
888,35,Jawa Barat,6002,Kab. Indramayu,6023,Indramayu,3,1
889,35,Jawa Barat,6002,Kab. Indramayu,6024,Haurgeulis,3,1
890,35,Jawa Barat,6002,Kab. Indramayu,6025,Gantar,3,1
891,35,Jawa Barat,6002,Kab. Indramayu,6026,Gabuswetan,3,1
892,35,Jawa Barat,6002,Kab. Indramayu,6027,Cikedung,3,1
893,35,Jawa Barat,6002,Kab. Indramayu,6028,Cantigi,3,1
894,35,Jawa Barat,6002,Kab. Indramayu,6029,Bongas,3,1
895,35,Jawa Barat,6002,Kab. Indramayu,6030,Bangodua,3,1
896,35,Jawa Barat,6002,Kab. Indramayu,6031,Balongan,3,1
897,35,Jawa Barat,6002,Kab. Indramayu,6032,Arahan,3,1
898,35,Jawa Barat,6002,Kab. Indramayu,6033,Anjatan,3,1
899,35,Jawa Barat,6002,Kab. Indramayu,17376,Juntiyuat,3,1
900,35,Jawa Barat,6077,Kab. Cirebon,6078,Weru,3,1
901,35,Jawa Barat,6077,Kab. Cirebon,6079,Waled,3,1
902,35,Jawa Barat,6077,Kab. Cirebon,6080,Tengah Tani,3,1
903,35,Jawa Barat,6077,Kab. Cirebon,6081,Talun (Cirebon Selatan),3,1
904,35,Jawa Barat,6077,Kab. Cirebon,6082,Susukan Lebak,3,1
905,35,Jawa Barat,6077,Kab. Cirebon,6083,Susukan,3,1
906,35,Jawa Barat,6077,Kab. Cirebon,6084,Suranenggala,3,1
907,35,Jawa Barat,6077,Kab. Cirebon,6085,Sumber,3,1
908,35,Jawa Barat,6077,Kab. Cirebon,6086,Sedong,3,1
909,35,Jawa Barat,6077,Kab. Cirebon,6087,Plumbon,3,1
910,35,Jawa Barat,6077,Kab. Cirebon,6088,Plered,3,1
911,35,Jawa Barat,6077,Kab. Cirebon,6089,Pasaleman,3,1
912,35,Jawa Barat,6077,Kab. Cirebon,6090,Panguragan,3,1
913,35,Jawa Barat,6077,Kab. Cirebon,6091,Pangenan,3,1
914,35,Jawa Barat,6077,Kab. Cirebon,6092,Palimanan,3,1
915,35,Jawa Barat,6077,Kab. Cirebon,6093,Pabuaran,3,1
916,35,Jawa Barat,6077,Kab. Cirebon,6094,Pabedilan,3,1
917,35,Jawa Barat,6077,Kab. Cirebon,6095,Mundu,3,1
918,35,Jawa Barat,6077,Kab. Cirebon,6096,Losari,3,1
919,35,Jawa Barat,6077,Kab. Cirebon,6097,Lemahabang,3,1
920,35,Jawa Barat,6077,Kab. Cirebon,6098,Klangenan,3,1
921,35,Jawa Barat,6077,Kab. Cirebon,6099,Kedawung,3,1
922,35,Jawa Barat,6077,Kab. Cirebon,6100,Karangwareng,3,1
923,35,Jawa Barat,6077,Kab. Cirebon,6101,Karangsembung,3,1
924,35,Jawa Barat,6077,Kab. Cirebon,6102,Kapetakan,3,1
925,35,Jawa Barat,6077,Kab. Cirebon,6103,Kaliwedi,3,1
926,35,Jawa Barat,6077,Kab. Cirebon,6104,Jamblang,3,1
927,35,Jawa Barat,6077,Kab. Cirebon,6105,Gunung Jati (Cirebon Utara),3,1
928,35,Jawa Barat,6077,Kab. Cirebon,6106,Greged (Greget),3,1
929,35,Jawa Barat,6077,Kab. Cirebon,6107,Gempol,3,1
930,35,Jawa Barat,6077,Kab. Cirebon,6108,Gegesik,3,1
931,35,Jawa Barat,6077,Kab. Cirebon,6109,Gebang,3,1
932,35,Jawa Barat,6077,Kab. Cirebon,6110,Dukupuntang,3,1
933,35,Jawa Barat,6077,Kab. Cirebon,6111,Depok,3,1
934,35,Jawa Barat,6077,Kab. Cirebon,6112,Ciwaringin,3,1
935,35,Jawa Barat,6077,Kab. Cirebon,6113,Ciledug,3,1
936,35,Jawa Barat,6077,Kab. Cirebon,6114,Beber,3,1
937,35,Jawa Barat,6077,Kab. Cirebon,6115,Babakan,3,1
938,35,Jawa Barat,6077,Kab. Cirebon,6116,Astanajapura,3,1
939,35,Jawa Barat,6077,Kab. Cirebon,6117,Arjawinangun,3,1
940,35,Jawa Barat,6077,Kab. Cirebon,17379,Cirebon Selatan,3,1
941,35,Jawa Barat,6077,Kab. Cirebon,17380,Cirebon Utara,3,1
942,35,Jawa Barat,6189,Kab. Bogor,6190,Tenjolaya,1,1
943,35,Jawa Barat,6189,Kab. Bogor,6191,Tenjo,1,1
944,35,Jawa Barat,6189,Kab. Bogor,6192,Tanjungsari,1,1
945,35,Jawa Barat,6189,Kab. Bogor,6193,Tamansari,1,1
946,35,Jawa Barat,6189,Kab. Bogor,6194,Tajurhalang,1,1
947,35,Jawa Barat,6189,Kab. Bogor,6195,Sukaraja,1,1
948,35,Jawa Barat,6189,Kab. Bogor,6196,Sukamakmur,1,1
949,35,Jawa Barat,6189,Kab. Bogor,6197,Sukajaya,1,1
950,35,Jawa Barat,6189,Kab. Bogor,6198,Rumpin,1,1
951,35,Jawa Barat,6189,Kab. Bogor,6199,Ranca Bungur,1,1
952,35,Jawa Barat,6189,Kab. Bogor,6200,Parung Panjang,1,1
953,35,Jawa Barat,6189,Kab. Bogor,6201,Parung,1,1
954,35,Jawa Barat,6189,Kab. Bogor,6202,Pamijahan,1,1
955,35,Jawa Barat,6189,Kab. Bogor,6203,Nanggung,1,1
956,35,Jawa Barat,6189,Kab. Bogor,6204,Megamendung,1,1
957,35,Jawa Barat,6189,Kab. Bogor,6205,Leuwisadeng,1,1
958,35,Jawa Barat,6189,Kab. Bogor,6206,Leuwiliang,1,1
959,35,Jawa Barat,6189,Kab. Bogor,6207,Klapa Nunggal (Kelapa Nunggal),1,1
960,35,Jawa Barat,6189,Kab. Bogor,6208,Kemang,1,1
961,35,Jawa Barat,6189,Kab. Bogor,6209,Jonggol,1,1
962,35,Jawa Barat,6189,Kab. Bogor,6210,Jasinga,1,1
963,35,Jawa Barat,6189,Kab. Bogor,6211,Gunung Sindur,1,1
964,35,Jawa Barat,6189,Kab. Bogor,6212,Gunung Putri,1,1
965,35,Jawa Barat,6189,Kab. Bogor,6213,Dramaga,1,1
966,35,Jawa Barat,6189,Kab. Bogor,6214,Citeureup,1,1
967,35,Jawa Barat,6189,Kab. Bogor,6215,Ciseeng,1,1
968,35,Jawa Barat,6189,Kab. Bogor,6216,Cisarua,1,1
969,35,Jawa Barat,6189,Kab. Bogor,6217,Ciomas,1,1
970,35,Jawa Barat,6189,Kab. Bogor,6218,Cileungsi,1,1
971,35,Jawa Barat,6189,Kab. Bogor,6219,Cijeruk,1,1
972,35,Jawa Barat,6189,Kab. Bogor,6220,Cigudeg,1,1
973,35,Jawa Barat,6189,Kab. Bogor,6221,Cigombong,1,1
974,35,Jawa Barat,6189,Kab. Bogor,6222,Cibungbulang,1,1
975,35,Jawa Barat,6189,Kab. Bogor,6223,Cibinong,1,1
976,35,Jawa Barat,6189,Kab. Bogor,6224,Ciawi,1,1
977,35,Jawa Barat,6189,Kab. Bogor,6225,Ciampea,1,1
978,35,Jawa Barat,6189,Kab. Bogor,6226,Cariu,1,1
979,35,Jawa Barat,6189,Kab. Bogor,6227,Caringin,1,1
980,35,Jawa Barat,6189,Kab. Bogor,6228,Bojonggede,1,1
981,35,Jawa Barat,6189,Kab. Bogor,6229,Babakan Madang,1,1
982,35,Jawa Barat,6230,Kab. Bekasi,6231,Tarumajaya,1,1
983,35,Jawa Barat,6230,Kab. Bekasi,6232,Tambun Utara,1,1
984,35,Jawa Barat,6230,Kab. Bekasi,6233,Tambun Selatan,1,1
985,35,Jawa Barat,6230,Kab. Bekasi,6234,Tambelang,1,1
986,35,Jawa Barat,6230,Kab. Bekasi,6235,Sukawangi,1,1
987,35,Jawa Barat,6230,Kab. Bekasi,6236,Sukatani,1,1
988,35,Jawa Barat,6230,Kab. Bekasi,6237,Sukakarya,1,1
989,35,Jawa Barat,6230,Kab. Bekasi,6238,Setu,1,1
990,35,Jawa Barat,6230,Kab. Bekasi,6239,Serang Baru,1,1
991,35,Jawa Barat,6230,Kab. Bekasi,6240,Pebayuran,1,1
992,35,Jawa Barat,6230,Kab. Bekasi,6241,Muara Gembong,1,1
993,35,Jawa Barat,6230,Kab. Bekasi,6242,Kedung Waringin,1,1
994,35,Jawa Barat,6230,Kab. Bekasi,6243,Karangbahagia,1,1
995,35,Jawa Barat,6230,Kab. Bekasi,6244,Cikarang Utara,1,1
996,35,Jawa Barat,6230,Kab. Bekasi,6245,Cikarang Timur,1,1
997,35,Jawa Barat,6230,Kab. Bekasi,6246,Cikarang Selatan,1,1
998,35,Jawa Barat,6230,Kab. Bekasi,6247,Cikarang Pusat,1,1
999,35,Jawa Barat,6230,Kab. Bekasi,6248,Cikarang Barat,1,1
1000,35,Jawa Barat,6230,Kab. Bekasi,6249,Cibitung,1,1
1001,35,Jawa Barat,6230,Kab. Bekasi,6250,Cibarusah,1,1
1002,35,Jawa Barat,6230,Kab. Bekasi,6251,Cabangbungin,1,1
1003,35,Jawa Barat,6230,Kab. Bekasi,6252,Bojongmangu,1,1
1004,35,Jawa Barat,6230,Kab. Bekasi,6253,Babelan,1,1
1005,35,Jawa Barat,6230,Kab. Bekasi,17381,Cikarang,1,1
1006,35,Jawa Barat,6254,Kab. Bandung Barat,6255,Sindangkerta,1,1
1007,35,Jawa Barat,6254,Kab. Bandung Barat,6256,Rongga,1,1
1008,35,Jawa Barat,6254,Kab. Bandung Barat,6257,Parongpong,1,1
1009,35,Jawa Barat,6254,Kab. Bandung Barat,6258,Padalarang,1,1
1010,35,Jawa Barat,6254,Kab. Bandung Barat,6259,Ngamprah,1,1
1011,35,Jawa Barat,6254,Kab. Bandung Barat,6260,Lembang,1,1
1012,35,Jawa Barat,6254,Kab. Bandung Barat,6261,Gununghalu,1,1
1013,35,Jawa Barat,6254,Kab. Bandung Barat,6262,Cisarua,1,1
1014,35,Jawa Barat,6254,Kab. Bandung Barat,6263,Cipongkor,1,1
1015,35,Jawa Barat,6254,Kab. Bandung Barat,6264,Cipeundeuy,1,1
1016,35,Jawa Barat,6254,Kab. Bandung Barat,6265,Cipatat,1,1
1017,35,Jawa Barat,6254,Kab. Bandung Barat,6266,Cililin,1,1
1018,35,Jawa Barat,6254,Kab. Bandung Barat,6267,Cikalong Wetan,1,1
1019,35,Jawa Barat,6254,Kab. Bandung Barat,6268,Cihampelas,1,1
1020,35,Jawa Barat,6254,Kab. Bandung Barat,6269,Batujajar,1,1
1021,35,Jawa Barat,6254,Kab. Bandung Barat,17382,Cimareme,1,1
1022,35,Jawa Barat,6270,Kab. Bandung,6271,Soreang,1,1
1023,35,Jawa Barat,6270,Kab. Bandung,6272,Solokan Jeruk,1,1
1024,35,Jawa Barat,6270,Kab. Bandung,6273,Rancaekek,1,1
1025,35,Jawa Barat,6270,Kab. Bandung,6274,Ranca Bali,1,1
1026,35,Jawa Barat,6270,Kab. Bandung,6275,Pasirjambu,1,1
1027,35,Jawa Barat,6270,Kab. Bandung,6276,Paseh,1,1
1028,35,Jawa Barat,6270,Kab. Bandung,6277,Pangalengan,1,1
1029,35,Jawa Barat,6270,Kab. Bandung,6278,Pameungpeuk,1,1
1030,35,Jawa Barat,6270,Kab. Bandung,6279,Pacet,1,1
1031,35,Jawa Barat,6270,Kab. Bandung,6280,Nagreg,1,1
1032,35,Jawa Barat,6270,Kab. Bandung,6281,Margahayu,1,1
1033,35,Jawa Barat,6270,Kab. Bandung,6282,Margaasih,1,1
1034,35,Jawa Barat,6270,Kab. Bandung,6283,Majalaya,1,1
1035,35,Jawa Barat,6270,Kab. Bandung,6284,Kutawaringin,1,1
1036,35,Jawa Barat,6270,Kab. Bandung,6285,Kertasari,1,1
1037,35,Jawa Barat,6270,Kab. Bandung,6286,Katapang,1,1
1038,35,Jawa Barat,6270,Kab. Bandung,6287,Ibun,1,1
1039,35,Jawa Barat,6270,Kab. Bandung,6288,Dayeuhkolot,1,1
1040,35,Jawa Barat,6270,Kab. Bandung,6289,Ciwidey,1,1
1041,35,Jawa Barat,6270,Kab. Bandung,6290,Ciparay,1,1
1042,35,Jawa Barat,6270,Kab. Bandung,6291,Cimeunyan,1,1
1043,35,Jawa Barat,6270,Kab. Bandung,6292,Cimaung,1,1
1044,35,Jawa Barat,6270,Kab. Bandung,6293,Cileunyi,1,1
1045,35,Jawa Barat,6270,Kab. Bandung,6294,Cilengkrang,1,1
1046,35,Jawa Barat,6270,Kab. Bandung,6295,Cikancung,1,1
1047,35,Jawa Barat,6270,Kab. Bandung,6296,Cicalengka,1,1
1048,35,Jawa Barat,6270,Kab. Bandung,6297,Cangkuang,1,1
1049,35,Jawa Barat,6270,Kab. Bandung,6298,Bojongsoang,1,1
1050,35,Jawa Barat,6270,Kab. Bandung,6299,Banjaran,1,1
1051,35,Jawa Barat,6270,Kab. Bandung,6300,Baleendah,1,1
1052,35,Jawa Barat,6270,Kab. Bandung,6301,Arjasari,1,1
1053,35,Jawa Barat,6302,Kota Tasikmalaya,6303,Tawang,1,1
1054,35,Jawa Barat,6302,Kota Tasikmalaya,6304,Tamansari,1,1
1055,35,Jawa Barat,6302,Kota Tasikmalaya,6305,Purbaratu,1,1
1056,35,Jawa Barat,6302,Kota Tasikmalaya,6306,Mangkubumi,1,1
1057,35,Jawa Barat,6302,Kota Tasikmalaya,6307,Kawalu,1,1
1058,35,Jawa Barat,6302,Kota Tasikmalaya,6308,Indihiang,1,1
1059,35,Jawa Barat,6302,Kota Tasikmalaya,6309,Cipedes,1,1
1060,35,Jawa Barat,6302,Kota Tasikmalaya,6310,Cihideung,1,1
1061,35,Jawa Barat,6302,Kota Tasikmalaya,6311,Cibeureum,1,1
1062,35,Jawa Barat,6302,Kota Tasikmalaya,6312,Bungursari,1,1
1063,35,Jawa Barat,6302,Kota Tasikmalaya,17383,Tasikmalaya,1,1
1064,35,Jawa Barat,6313,Kota Sukabumi,6314,Warudoyong,1,1
1065,35,Jawa Barat,6313,Kota Sukabumi,6315,Lembursitu,1,1
1066,35,Jawa Barat,6313,Kota Sukabumi,6316,Gunung Puyuh,1,1
1067,35,Jawa Barat,6313,Kota Sukabumi,6317,Citamiang,1,1
1068,35,Jawa Barat,6313,Kota Sukabumi,6318,Cikole,1,1
1069,35,Jawa Barat,6313,Kota Sukabumi,6319,Cibeureum,1,1
1070,35,Jawa Barat,6313,Kota Sukabumi,6320,Baros,1,1
1071,35,Jawa Barat,6321,Kota Depok,6322,Sukmajaya,1,1
1072,35,Jawa Barat,6321,Kota Depok,6323,Sawangan,1,1
1073,35,Jawa Barat,6321,Kota Depok,6324,Pancoran Mas,1,1
1074,35,Jawa Barat,6321,Kota Depok,6325,Limo,1,1
1075,35,Jawa Barat,6321,Kota Depok,6326,Cimanggis,1,1
1076,35,Jawa Barat,6321,Kota Depok,6327,Beji,1,1
1077,35,Jawa Barat,6321,Kota Depok,17384,Cibubur,1,1
1078,35,Jawa Barat,6321,Kota Depok,17385,Depok Kota Depok,1,1
1079,35,Jawa Barat,6328,Kota Cirebon,6329,Pekalipan,1,1
1080,35,Jawa Barat,6328,Kota Cirebon,6330,Lemahwungkuk,1,1
1081,35,Jawa Barat,6328,Kota Cirebon,6331,Kesambi,1,1
1082,35,Jawa Barat,6328,Kota Cirebon,6332,Kejaksan,1,1
1083,35,Jawa Barat,6328,Kota Cirebon,6333,Harjamukti,1,1
1084,35,Jawa Barat,6328,Kota Cirebon,17386,Cirebon,1,1
1085,35,Jawa Barat,6328,Kota Cirebon,17387,Cirebon Barat,1,1
1086,35,Jawa Barat,6334,Kota Cimahi,6335,Cimahi Utara,3,1
1087,35,Jawa Barat,6334,Kota Cimahi,6336,Cimahi Tengah,3,1
1088,35,Jawa Barat,6334,Kota Cimahi,6337,Cimahi Selatan,3,1
1089,35,Jawa Barat,6334,Kota Cimahi,17388,Cimahi Kota Cimahi,3,1
1090,35,Jawa Barat,6338,Kota Bogor,6339,Tanah Sereal,1,1
1091,35,Jawa Barat,6338,Kota Bogor,6340,Bogor Utara - Kota,1,1
1092,35,Jawa Barat,6338,Kota Bogor,6341,Bogor Timur - Kota,1,1
1093,35,Jawa Barat,6338,Kota Bogor,6342,Bogor Tengah - Kota,1,1
1094,35,Jawa Barat,6338,Kota Bogor,6343,Bogor Selatan - Kota,1,1
1095,35,Jawa Barat,6338,Kota Bogor,6344,Bogor Barat - Kota,1,1
1096,35,Jawa Barat,6338,Kota Bogor,17389,Bogor,1,1
1097,35,Jawa Barat,6345,Kota Bekasi,6346,Rawalumbu,1,1
1098,35,Jawa Barat,6345,Kota Bekasi,6347,Pondok Melati,1,1
1099,35,Jawa Barat,6345,Kota Bekasi,6348,Pondok Gede,1,1
1100,35,Jawa Barat,6345,Kota Bekasi,6349,Mustika Jaya,1,1
1101,35,Jawa Barat,6345,Kota Bekasi,6350,Medan Satria,1,1
1102,35,Jawa Barat,6345,Kota Bekasi,6351,Jatiasih,1,1
1103,35,Jawa Barat,6345,Kota Bekasi,6352,Jati Sampurna,1,1
1104,35,Jawa Barat,6345,Kota Bekasi,6353,Bekasi Utara,1,1
1105,35,Jawa Barat,6345,Kota Bekasi,6354,Bekasi Timur,1,1
1106,35,Jawa Barat,6345,Kota Bekasi,6355,Bekasi Selatan,1,1
1107,35,Jawa Barat,6345,Kota Bekasi,6356,Bekasi Barat,1,1
1108,35,Jawa Barat,6345,Kota Bekasi,6357,Bantar Gebang,1,1
1109,35,Jawa Barat,6345,Kota Bekasi,17390,Bekasi,1,1
1110,35,Jawa Barat,6363,Kota Bandung,6364,Ujung Berung,1,1
1111,35,Jawa Barat,6363,Kota Bandung,6365,Sumur Bandung,1,1
1112,35,Jawa Barat,6363,Kota Bandung,6366,Sukasari,1,1
1113,35,Jawa Barat,6363,Kota Bandung,6367,Sukajadi,1,1
1114,35,Jawa Barat,6363,Kota Bandung,6368,Regol,1,1
1115,35,Jawa Barat,6363,Kota Bandung,6369,Rancasari,1,1
1116,35,Jawa Barat,6363,Kota Bandung,6370,Panyileukan,1,1
1117,35,Jawa Barat,6363,Kota Bandung,6371,Mandalajati,1,1
1118,35,Jawa Barat,6363,Kota Bandung,6372,Lengkong,1,1
1119,35,Jawa Barat,6363,Kota Bandung,6373,Kiaracondong,1,1
1120,35,Jawa Barat,6363,Kota Bandung,6374,Gedebage,1,1
1121,35,Jawa Barat,6363,Kota Bandung,6375,Coblong,1,1
1122,35,Jawa Barat,6363,Kota Bandung,6376,Cinambo,1,1
1123,35,Jawa Barat,6363,Kota Bandung,6377,Cidadap,1,1
1124,35,Jawa Barat,6363,Kota Bandung,6378,Cicendo,1,1
1125,35,Jawa Barat,6363,Kota Bandung,6379,Cibiru,1,1
1126,35,Jawa Barat,6363,Kota Bandung,6380,Cibeunying Kidul,1,1
1127,35,Jawa Barat,6363,Kota Bandung,6381,Cibeunying Kaler,1,1
1128,35,Jawa Barat,6363,Kota Bandung,6382,Buahbatu (Margacinta),1,1
1129,35,Jawa Barat,6363,Kota Bandung,6383,Bojongloa Kidul,1,1
1130,35,Jawa Barat,6363,Kota Bandung,6384,Bojongloa Kaler,1,1
1131,35,Jawa Barat,6363,Kota Bandung,6385,Batununggal,1,1
1132,35,Jawa Barat,6363,Kota Bandung,6386,Bandung Wetan,1,1
1133,35,Jawa Barat,6363,Kota Bandung,6387,Bandung Kulon,1,1
1134,35,Jawa Barat,6363,Kota Bandung,6388,Bandung Kidul,1,1
1135,35,Jawa Barat,6363,Kota Bandung,6389,Babakan Ciparay,1,1
1136,35,Jawa Barat,6363,Kota Bandung,6390,Astana Anyar,1,1
1137,35,Jawa Barat,6363,Kota Bandung,6391,Arcamanik,1,1
1138,35,Jawa Barat,6363,Kota Bandung,6392,Antapani (Cicadas),1,1
1139,35,Jawa Barat,6363,Kota Bandung,6393,Andir,1,1
1140,35,Jawa Barat,6363,Kota Bandung,17391,Bandung Kota Bandung,1,1
1141,22,DKI Jakarta,6604,Kab. Kepulauan Seribu,6605,Kepulauan Seribu Utara,1,1
1142,22,DKI Jakarta,6604,Kab. Kepulauan Seribu,6606,Kepulauan Seribu Selatan,1,1
1143,22,DKI Jakarta,6604,Kab. Kepulauan Seribu,17231,Pulau Pramuka,1,1
1144,22,DKI Jakarta,6607,Kota Jakarta Utara,6608,Tanjung Priok,1,1
1145,22,DKI Jakarta,6607,Kota Jakarta Utara,6609,Penjaringan,1,1
1146,22,DKI Jakarta,6607,Kota Jakarta Utara,6610,Pademangan,1,1
1147,22,DKI Jakarta,6607,Kota Jakarta Utara,6611,Koja,1,1
1148,22,DKI Jakarta,6607,Kota Jakarta Utara,6612,Kelapa Gading,1,1
1149,22,DKI Jakarta,6607,Kota Jakarta Utara,6613,Cilincing,1,1
1150,22,DKI Jakarta,6614,Kota Jakarta Timur,6615,Pulo Gadung,1,1
1151,22,DKI Jakarta,6614,Kota Jakarta Timur,6616,Pasar Rebo,1,1
1152,22,DKI Jakarta,6614,Kota Jakarta Timur,6617,Matraman,1,1
1153,22,DKI Jakarta,6614,Kota Jakarta Timur,6618,Makasar,1,1
1154,22,DKI Jakarta,6614,Kota Jakarta Timur,6619,Kramat Jati,1,1
1155,22,DKI Jakarta,6614,Kota Jakarta Timur,6620,Jatinegara,1,1
1156,22,DKI Jakarta,6614,Kota Jakarta Timur,6621,Duren Sawit,1,1
1157,22,DKI Jakarta,6614,Kota Jakarta Timur,6622,Ciracas,1,1
1158,22,DKI Jakarta,6614,Kota Jakarta Timur,6623,Cipayung,1,1
1159,22,DKI Jakarta,6614,Kota Jakarta Timur,6624,Cakung,1,1
1160,22,DKI Jakarta,6625,Kota Jakarta Selatan,6626,Tebet,1,1
1161,22,DKI Jakarta,6625,Kota Jakarta Selatan,6627,Setia Budi,1,1
1162,22,DKI Jakarta,6625,Kota Jakarta Selatan,6628,Pesanggrahan,1,1
1163,22,DKI Jakarta,6625,Kota Jakarta Selatan,6629,Pasar Minggu,1,1
1164,22,DKI Jakarta,6625,Kota Jakarta Selatan,6630,Pancoran,1,1
1165,22,DKI Jakarta,6625,Kota Jakarta Selatan,6631,Mampang Prapatan,1,1
1166,22,DKI Jakarta,6625,Kota Jakarta Selatan,6632,Kebayoran Lama,1,1
1167,22,DKI Jakarta,6625,Kota Jakarta Selatan,6633,Kebayoran Baru,1,1
1168,22,DKI Jakarta,6625,Kota Jakarta Selatan,6634,Jagakarsa,1,1
1169,22,DKI Jakarta,6625,Kota Jakarta Selatan,6635,Cilandak,1,1
1170,22,DKI Jakarta,6636,Kota Jakarta Pusat,6637,Tanah Abang,1,1
1171,22,DKI Jakarta,6636,Kota Jakarta Pusat,6638,Senen,1,1
1172,22,DKI Jakarta,6636,Kota Jakarta Pusat,6639,Sawah Besar,1,1
1173,22,DKI Jakarta,6636,Kota Jakarta Pusat,6640,Menteng,1,1
1174,22,DKI Jakarta,6636,Kota Jakarta Pusat,6641,Kemayoran,1,1
1175,22,DKI Jakarta,6636,Kota Jakarta Pusat,6642,Johar Baru,1,1
1176,22,DKI Jakarta,6636,Kota Jakarta Pusat,6643,Gambir,1,1
1177,22,DKI Jakarta,6636,Kota Jakarta Pusat,6644,Cempaka Putih,1,1
1178,22,DKI Jakarta,6645,Kota Jakarta Barat,6646,Tambora,1,1
1179,22,DKI Jakarta,6645,Kota Jakarta Barat,6647,Taman Sari,1,1
1180,22,DKI Jakarta,6645,Kota Jakarta Barat,6648,Palmerah,1,1
1181,22,DKI Jakarta,6645,Kota Jakarta Barat,6649,Kembangan,1,1
1182,22,DKI Jakarta,6645,Kota Jakarta Barat,6650,Kebon Jeruk,1,1
1183,22,DKI Jakarta,6645,Kota Jakarta Barat,6651,Kalideres,1,1
1184,22,DKI Jakarta,6645,Kota Jakarta Barat,6652,Grogol Petamburan,1,1
1185,22,DKI Jakarta,6645,Kota Jakarta Barat,6653,Cengkareng,1,1
1186,19,Di Yogyakarta,6654,Kab. Sleman,6655,Turi,1,1
1187,19,Di Yogyakarta,6654,Kab. Sleman,6656,Tempel,1,1
1188,19,Di Yogyakarta,6654,Kab. Sleman,6657,Sleman,1,1
1189,19,Di Yogyakarta,6654,Kab. Sleman,6658,Seyegan,1,1
1190,19,Di Yogyakarta,6654,Kab. Sleman,6659,Prambanan,1,1
1191,19,Di Yogyakarta,6654,Kab. Sleman,6660,Pakem,1,1
1192,19,Di Yogyakarta,6654,Kab. Sleman,6661,Ngemplak,1,1
1193,19,Di Yogyakarta,6654,Kab. Sleman,6662,Ngaglik,1,1
1194,19,Di Yogyakarta,6654,Kab. Sleman,6663,Moyudan,1,1
1195,19,Di Yogyakarta,6654,Kab. Sleman,6664,Mlati,1,1
1196,19,Di Yogyakarta,6654,Kab. Sleman,6665,Minggir,1,1
1197,19,Di Yogyakarta,6654,Kab. Sleman,6666,Kalasan,1,1
1198,19,Di Yogyakarta,6654,Kab. Sleman,6667,Godean,1,1
1199,19,Di Yogyakarta,6654,Kab. Sleman,6668,Gamping,1,1
1200,19,Di Yogyakarta,6654,Kab. Sleman,6669,Depok,1,1
1201,19,Di Yogyakarta,6654,Kab. Sleman,6670,Cangkringan,1,1
1202,19,Di Yogyakarta,6654,Kab. Sleman,6671,Berbah,1,1
1203,19,Di Yogyakarta,6672,Kab. Kulon Progo,6673,Wates,1,1
1204,19,Di Yogyakarta,6672,Kab. Kulon Progo,6674,Temon,1,1
1205,19,Di Yogyakarta,6672,Kab. Kulon Progo,6675,Sentolo,1,1
1206,19,Di Yogyakarta,6672,Kab. Kulon Progo,6676,Samigaluh,1,1
1207,19,Di Yogyakarta,6672,Kab. Kulon Progo,6677,Pengasih,1,1
1208,19,Di Yogyakarta,6672,Kab. Kulon Progo,6678,Panjatan,1,1
1209,19,Di Yogyakarta,6672,Kab. Kulon Progo,6679,Nanggulan,1,1
1210,19,Di Yogyakarta,6672,Kab. Kulon Progo,6680,Lendah,1,1
1211,19,Di Yogyakarta,6672,Kab. Kulon Progo,6681,Kokap,1,1
1212,19,Di Yogyakarta,6672,Kab. Kulon Progo,6682,Kalibawang,1,1
1213,19,Di Yogyakarta,6672,Kab. Kulon Progo,6683,Girimulyo,1,1
1214,19,Di Yogyakarta,6672,Kab. Kulon Progo,6684,Galur,1,1
1215,19,Di Yogyakarta,6685,Kab. Gunung Kidul,6686,Wonosari,1,1
1216,19,Di Yogyakarta,6685,Kab. Gunung Kidul,6687,Tepus,1,1
1217,19,Di Yogyakarta,6685,Kab. Gunung Kidul,6688,Tanjungsari,1,1
1218,19,Di Yogyakarta,6685,Kab. Gunung Kidul,6689,Semin,1,1
1219,19,Di Yogyakarta,6685,Kab. Gunung Kidul,6690,Semanu,1,1
1220,19,Di Yogyakarta,6685,Kab. Gunung Kidul,6691,Sapto Sari,1,1
1221,19,Di Yogyakarta,6685,Kab. Gunung Kidul,6692,Rongkop,1,1
1222,19,Di Yogyakarta,6685,Kab. Gunung Kidul,6693,Purwosari,1,1
1223,19,Di Yogyakarta,6685,Kab. Gunung Kidul,6694,Ponjong,1,1
1224,19,Di Yogyakarta,6685,Kab. Gunung Kidul,6695,Playen,1,1
1225,19,Di Yogyakarta,6685,Kab. Gunung Kidul,6696,Patuk,1,1
1226,19,Di Yogyakarta,6685,Kab. Gunung Kidul,6697,Panggang,1,1
1227,19,Di Yogyakarta,6685,Kab. Gunung Kidul,6698,Paliyan,1,1
1228,19,Di Yogyakarta,6685,Kab. Gunung Kidul,6699,Nglipar,1,1
1229,19,Di Yogyakarta,6685,Kab. Gunung Kidul,6700,Ngawen,1,1
1230,19,Di Yogyakarta,6685,Kab. Gunung Kidul,6701,Karangmojo,1,1
1231,19,Di Yogyakarta,6685,Kab. Gunung Kidul,6702,Girisubo,1,1
1232,19,Di Yogyakarta,6685,Kab. Gunung Kidul,6703,Gedang Sari,1,1
1233,19,Di Yogyakarta,6704,Kab. Bantul,6705,Srandakan,1,1
1234,19,Di Yogyakarta,6704,Kab. Bantul,6706,Sewon,1,1
1235,19,Di Yogyakarta,6704,Kab. Bantul,6707,Sedayu,1,1
1236,19,Di Yogyakarta,6704,Kab. Bantul,6708,Sanden,1,1
1237,19,Di Yogyakarta,6704,Kab. Bantul,6709,Pundong,1,1
1238,19,Di Yogyakarta,6704,Kab. Bantul,6710,Pleret,1,1
1239,19,Di Yogyakarta,6704,Kab. Bantul,6711,Piyungan,1,1
1240,19,Di Yogyakarta,6704,Kab. Bantul,6712,Pandak,1,1
1241,19,Di Yogyakarta,6704,Kab. Bantul,6713,Pajangan,1,1
1242,19,Di Yogyakarta,6704,Kab. Bantul,6714,Kretek,1,1
1243,19,Di Yogyakarta,6704,Kab. Bantul,6715,Kasihan,1,1
1244,19,Di Yogyakarta,6704,Kab. Bantul,6716,Jetis,1,1
1245,19,Di Yogyakarta,6704,Kab. Bantul,6717,Imogiri,1,1
1246,19,Di Yogyakarta,6704,Kab. Bantul,6718,Dlingo,1,1
1247,19,Di Yogyakarta,6704,Kab. Bantul,6719,Bantul,1,1
1248,19,Di Yogyakarta,6704,Kab. Bantul,6720,Banguntapan,1,1
1249,19,Di Yogyakarta,6704,Kab. Bantul,6721,Bambang Lipuro,1,1
1250,19,Di Yogyakarta,6722,Kota Yogyakarta,6723,Wirobrajan,1,1
1251,19,Di Yogyakarta,6722,Kota Yogyakarta,6724,Umbulharjo,1,1
1252,19,Di Yogyakarta,6722,Kota Yogyakarta,6725,Tegalrejo,1,1
1253,19,Di Yogyakarta,6722,Kota Yogyakarta,6726,Pakualaman,1,1
1254,19,Di Yogyakarta,6722,Kota Yogyakarta,6727,Ngampilan,1,1
1255,19,Di Yogyakarta,6722,Kota Yogyakarta,6728,Mergangsan,1,1
1256,19,Di Yogyakarta,6722,Kota Yogyakarta,6729,Mantrijeron,1,1
1257,19,Di Yogyakarta,6722,Kota Yogyakarta,6730,Kraton,1,1
1258,19,Di Yogyakarta,6722,Kota Yogyakarta,6731,Kotagede,1,1
1259,19,Di Yogyakarta,6722,Kota Yogyakarta,6732,Jetis,1,1
1260,19,Di Yogyakarta,6722,Kota Yogyakarta,6733,Gondomanan,1,1
1261,19,Di Yogyakarta,6722,Kota Yogyakarta,6734,Gondokusuman,1,1
1262,19,Di Yogyakarta,6722,Kota Yogyakarta,6735,Gedong Tengen,1,1
1263,19,Di Yogyakarta,6722,Kota Yogyakarta,6736,Danurejan,1,1
1264,19,Di Yogyakarta,6722,Kota Yogyakarta,17212,Yogyakarta,1,1
1265,36,Banten,6856,Kab. Tangerang,6857,Tigaraksa,1,1
1266,36,Banten,6856,Kab. Tangerang,6858,Teluknaga,1,1
1267,36,Banten,6856,Kab. Tangerang,6859,Sukamulya,1,1
1268,36,Banten,6856,Kab. Tangerang,6860,Sukadiri,1,1
1269,36,Banten,6856,Kab. Tangerang,6861,Solear,1,1
1270,36,Banten,6856,Kab. Tangerang,6862,Sindang Jaya,1,1
1271,36,Banten,6856,Kab. Tangerang,6863,Sepatan Timur,1,1
1272,36,Banten,6856,Kab. Tangerang,6864,Sepatan,1,1
1273,36,Banten,6856,Kab. Tangerang,6865,Rajeg,1,1
1274,36,Banten,6856,Kab. Tangerang,6866,Pasar Kemis,1,1
1275,36,Banten,6856,Kab. Tangerang,6867,Panongan,1,1
1276,36,Banten,6856,Kab. Tangerang,6868,Pakuhaji,1,1
1277,36,Banten,6856,Kab. Tangerang,6869,Pagedangan,1,1
1278,36,Banten,6856,Kab. Tangerang,6870,Mekar Baru,1,1
1279,36,Banten,6856,Kab. Tangerang,6871,Mauk,1,1
1280,36,Banten,6856,Kab. Tangerang,6872,Legok,1,1
1281,36,Banten,6856,Kab. Tangerang,6873,Kronjo,1,1
1282,36,Banten,6856,Kab. Tangerang,6874,Kresek,1,1
1283,36,Banten,6856,Kab. Tangerang,6875,Kosambi,1,1
1284,36,Banten,6856,Kab. Tangerang,6876,Kemiri,1,1
1285,36,Banten,6856,Kab. Tangerang,6877,Kelapa Dua,1,1
1286,36,Banten,6856,Kab. Tangerang,6878,Jayanti,1,1
1287,36,Banten,6856,Kab. Tangerang,6879,Jambe,1,1
1288,36,Banten,6856,Kab. Tangerang,6880,Gunung Kaler,1,1
1289,36,Banten,6856,Kab. Tangerang,6881,Curug,1,1
1290,36,Banten,6856,Kab. Tangerang,6882,Cisoka,1,1
1291,36,Banten,6856,Kab. Tangerang,6883,Cisauk,1,1
1292,36,Banten,6856,Kab. Tangerang,6884,Cikupa,1,1
1293,36,Banten,6856,Kab. Tangerang,6885,Balaraja,1,1
1294,36,Banten,6886,Kab. Serang,6887,Waringin Kurung,1,1
1295,36,Banten,6886,Kab. Serang,6888,Tunjung Teja,1,1
1296,36,Banten,6886,Kab. Serang,6889,Tirtayasa,1,1
1297,36,Banten,6886,Kab. Serang,6890,Tanara,1,1
1298,36,Banten,6886,Kab. Serang,6891,Pulo Ampel,1,1
1299,36,Banten,6886,Kab. Serang,6892,Pontang,1,1
1300,36,Banten,6886,Kab. Serang,6893,Petir,1,1
1301,36,Banten,6886,Kab. Serang,6894,Pamarayan,1,1
1302,36,Banten,6886,Kab. Serang,6895,Padarincang,1,1
1303,36,Banten,6886,Kab. Serang,6896,Pabuaran,1,1
1304,36,Banten,6886,Kab. Serang,6897,Mancak,1,1
1305,36,Banten,6886,Kab. Serang,6898,Kramatwatu,1,1
1306,36,Banten,6886,Kab. Serang,6899,Kragilan,1,1
1307,36,Banten,6886,Kab. Serang,6900,Kopo,1,1
1308,36,Banten,6886,Kab. Serang,6901,Kibin,1,1
1309,36,Banten,6886,Kab. Serang,6902,Jawilan,1,1
1310,36,Banten,6886,Kab. Serang,6903,Gunungsari,1,1
1311,36,Banten,6886,Kab. Serang,6904,Ciruas,1,1
1312,36,Banten,6886,Kab. Serang,6905,Ciomas,1,1
1313,36,Banten,6886,Kab. Serang,6906,Cinangka,1,1
1314,36,Banten,6886,Kab. Serang,6907,Cikeusal,1,1
1315,36,Banten,6886,Kab. Serang,6908,Cikande,1,1
1316,36,Banten,6886,Kab. Serang,6909,Carenang,1,1
1317,36,Banten,6886,Kab. Serang,6910,Bojonegara,1,1
1318,36,Banten,6886,Kab. Serang,6911,Binuang,1,1
1319,36,Banten,6886,Kab. Serang,6912,Baros,1,1
1320,36,Banten,6886,Kab. Serang,6913,Bandung,1,1
1321,36,Banten,6886,Kab. Serang,6914,Anyer/anyar,1,1
1322,36,Banten,6915,Kab. Pandeglang,6916,Sumur,1,1
1323,36,Banten,6915,Kab. Pandeglang,6917,Sukaresmi,1,1
1324,36,Banten,6915,Kab. Pandeglang,6918,Sobang,1,1
1325,36,Banten,6915,Kab. Pandeglang,6919,Sindangresmi,1,1
1326,36,Banten,6915,Kab. Pandeglang,6920,Saketi,1,1
1327,36,Banten,6915,Kab. Pandeglang,6921,Pulosari,1,1
1328,36,Banten,6915,Kab. Pandeglang,6922,Picung,1,1
1329,36,Banten,6915,Kab. Pandeglang,6923,Patia,1,1
1330,36,Banten,6915,Kab. Pandeglang,6924,Panimbang,1,1
1331,36,Banten,6915,Kab. Pandeglang,6925,Pandeglang,1,1
1332,36,Banten,6915,Kab. Pandeglang,6926,Pagelaran,1,1
1333,36,Banten,6915,Kab. Pandeglang,6927,Munjul,1,1
1334,36,Banten,6915,Kab. Pandeglang,6928,Menes,1,1
1335,36,Banten,6915,Kab. Pandeglang,6929,Mekarjaya,1,1
1336,36,Banten,6915,Kab. Pandeglang,6930,Mandalawangi,1,1
1337,36,Banten,6915,Kab. Pandeglang,6931,Majasari,1,1
1338,36,Banten,6915,Kab. Pandeglang,6932,Labuan,1,1
1339,36,Banten,6915,Kab. Pandeglang,6933,Koroncong,1,1
1340,36,Banten,6915,Kab. Pandeglang,6934,Karang Tanjung,1,1
1341,36,Banten,6915,Kab. Pandeglang,6935,Kaduhejo,1,1
1342,36,Banten,6915,Kab. Pandeglang,6936,Jiput,1,1
1343,36,Banten,6915,Kab. Pandeglang,6937,Cisata,1,1
1344,36,Banten,6915,Kab. Pandeglang,6938,Cipeucang,1,1
1345,36,Banten,6915,Kab. Pandeglang,6939,Cimanuk,1,1
1346,36,Banten,6915,Kab. Pandeglang,6940,Cimanggu,1,1
1347,36,Banten,6915,Kab. Pandeglang,6941,Cikeusik,1,1
1348,36,Banten,6915,Kab. Pandeglang,6942,Cikeudal (Cikedal),1,1
1349,36,Banten,6915,Kab. Pandeglang,6943,Cigeulis,1,1
1350,36,Banten,6915,Kab. Pandeglang,6944,Cibitung,1,1
1351,36,Banten,6915,Kab. Pandeglang,6945,Cibaliung,1,1
1352,36,Banten,6915,Kab. Pandeglang,6946,Carita,1,1
1353,36,Banten,6915,Kab. Pandeglang,6947,Cadasari,1,1
1354,36,Banten,6915,Kab. Pandeglang,6948,Bojong,1,1
1355,36,Banten,6915,Kab. Pandeglang,6949,Banjar,1,1
1356,36,Banten,6915,Kab. Pandeglang,6950,Angsana,1,1
1357,36,Banten,6915,Kab. Pandeglang,17392,Cadas Sari,1,1
1358,36,Banten,6951,Kab. Lebak,6952,Warunggunung,1,1
1359,36,Banten,6951,Kab. Lebak,6953,Wanasalam,1,1
1360,36,Banten,6951,Kab. Lebak,6954,Sobang,1,1
1361,36,Banten,6951,Kab. Lebak,6955,Sajira,1,1
1362,36,Banten,6951,Kab. Lebak,6956,Rangkasbitung,1,1
1363,36,Banten,6951,Kab. Lebak,6957,Panggarangan,1,1
1364,36,Banten,6951,Kab. Lebak,6958,Muncang,1,1
1365,36,Banten,6951,Kab. Lebak,6959,Malingping,1,1
1366,36,Banten,6951,Kab. Lebak,6960,Maja,1,1
1367,36,Banten,6951,Kab. Lebak,6961,Leuwidamar,1,1
1368,36,Banten,6951,Kab. Lebak,6962,Lebakgedong,1,1
1369,36,Banten,6951,Kab. Lebak,6963,Kalanganyar,1,1
1370,36,Banten,6951,Kab. Lebak,6964,Gunung Kencana,1,1
1371,36,Banten,6951,Kab. Lebak,6965,Curugbitung,1,1
1372,36,Banten,6951,Kab. Lebak,6966,Cirinten,1,1
1373,36,Banten,6951,Kab. Lebak,6967,Cipanas,1,1
1374,36,Banten,6951,Kab. Lebak,6968,Cimarga,1,1
1375,36,Banten,6951,Kab. Lebak,6969,Cilograng,1,1
1376,36,Banten,6951,Kab. Lebak,6970,Cileles,1,1
1377,36,Banten,6951,Kab. Lebak,6971,Cikulur,1,1
1378,36,Banten,6951,Kab. Lebak,6972,Cijaku,1,1
1379,36,Banten,6951,Kab. Lebak,6973,Cihara,1,1
1380,36,Banten,6951,Kab. Lebak,6974,Cigemblong,1,1
1381,36,Banten,6951,Kab. Lebak,6975,Cibeber,1,1
1382,36,Banten,6951,Kab. Lebak,6976,Cibadak,1,1
1383,36,Banten,6951,Kab. Lebak,6977,Bojongmanik,1,1
1384,36,Banten,6951,Kab. Lebak,6978,Bayah,1,1
1385,36,Banten,6951,Kab. Lebak,6979,Banjarsari,1,1
1386,36,Banten,6980,Kota Tangerang Selatan,6981,Setu,1,1
1387,36,Banten,6980,Kota Tangerang Selatan,6982,Serpong Utara,1,1
1388,36,Banten,6980,Kota Tangerang Selatan,6983,Serpong,1,1
1389,36,Banten,6980,Kota Tangerang Selatan,6984,Pondok Aren,1,1
1390,36,Banten,6980,Kota Tangerang Selatan,6985,Pamulang,1,1
1391,36,Banten,6980,Kota Tangerang Selatan,6986,Ciputat Timur,1,1
1392,36,Banten,6980,Kota Tangerang Selatan,6987,Ciputat,1,1
1393,36,Banten,6988,Kota Tangerang,6989,Tangerang,1,1
1394,36,Banten,6988,Kota Tangerang,6990,Pinang (Penang),1,1
1395,36,Banten,6988,Kota Tangerang,6991,Periuk,1,1
1396,36,Banten,6988,Kota Tangerang,6992,Neglasari,1,1
1397,36,Banten,6988,Kota Tangerang,6993,Larangan,1,1
1398,36,Banten,6988,Kota Tangerang,6994,Karawaci,1,1
1399,36,Banten,6988,Kota Tangerang,6995,Karang Tengah,1,1
1400,36,Banten,6988,Kota Tangerang,6996,Jatiuwung,1,1
1401,36,Banten,6988,Kota Tangerang,6997,Cipondoh,1,1
1402,36,Banten,6988,Kota Tangerang,6998,Ciledug,1,1
1403,36,Banten,6988,Kota Tangerang,6999,Cibodas,1,1
1404,36,Banten,6988,Kota Tangerang,7000,Benda,1,1
1405,36,Banten,6988,Kota Tangerang,7001,Batuceper,1,1
1406,36,Banten,6988,Kota Tangerang,17393,Karangtengah Kota Tangerang,1,1
1407,36,Banten,7002,Kota Serang,7003,Walantaka,1,1
1408,36,Banten,7002,Kota Serang,7004,Taktakan,1,1
1409,36,Banten,7002,Kota Serang,7005,Serang,1,1
1410,36,Banten,7002,Kota Serang,7006,Kasemen,1,1
1411,36,Banten,7002,Kota Serang,7007,Curug,1,1
1412,36,Banten,7002,Kota Serang,7008,Cipocok Jaya,1,1
1413,36,Banten,7009,Kota Cilegon,7010,Purwakarta,1,1
1414,36,Banten,7009,Kota Cilegon,7011,Pulomerak,1,1
1415,36,Banten,7009,Kota Cilegon,7012,Jombang,1,1
1416,36,Banten,7009,Kota Cilegon,7013,Gerogol,1,1
1417,36,Banten,7009,Kota Cilegon,7014,Ciwandan,1,1
1418,36,Banten,7009,Kota Cilegon,7015,Citangkil,1,1
1419,36,Banten,7009,Kota Cilegon,7016,Cilegon,1,1
1420,36,Banten,7009,Kota Cilegon,7017,Cibeber,1,1
1421,36,Banten,7009,Kota Cilegon,17394,Merak,1,1
1422,32,Bangka Belitung,7059,Kota Pangkal Pinang,7060,Taman Sari,3,1
1423,32,Bangka Belitung,7059,Kota Pangkal Pinang,7061,Rangkui,3,1
1424,32,Bangka Belitung,7059,Kota Pangkal Pinang,7062,Pangkal Balam,3,1
1425,32,Bangka Belitung,7059,Kota Pangkal Pinang,7063,Gerunggang,3,1
1426,32,Bangka Belitung,7059,Kota Pangkal Pinang,7064,Bukit Intan,3,1
1427,32,Bangka Belitung,7059,Kota Pangkal Pinang,17353,Pangkal Pinang,3,1
1428,29,Bali,7096,Kab. Gianyar,7097,Ubud,1,1
1429,29,Bali,7096,Kab. Gianyar,7098,Tegallalang,1,1
1430,29,Bali,7096,Kab. Gianyar,7099,Tampak Siring,1,1
1431,29,Bali,7096,Kab. Gianyar,7100,Sukawati,1,1
1432,29,Bali,7096,Kab. Gianyar,7101,Payangan,1,1
1433,29,Bali,7096,Kab. Gianyar,7102,Gianyar,1,1
1434,29,Bali,7096,Kab. Gianyar,7103,Belah Batuh (Blahbatuh),1,1
1435,29,Bali,7119,Kab. Badung,7120,Petang,4,1
1436,29,Bali,7119,Kab. Badung,7121,Mengwi,4,1
1437,29,Bali,7119,Kab. Badung,7122,Kuta Utara,2,1
1438,29,Bali,7119,Kab. Badung,7123,Kuta Selatan,2,1
1439,29,Bali,7119,Kab. Badung,7124,Kuta,2,1
1440,29,Bali,7119,Kab. Badung,7125,Abiansemal,4,1
1441,29,Bali,7119,Kab. Badung,17315,Jimbaran,2,1
1442,29,Bali,7119,Kab. Badung,17316,Legian,2,1
1443,29,Bali,7119,Kab. Badung,17317,Ngurah Rai,2,1
1444,29,Bali,7119,Kab. Badung,17318,Nusa Dua,2,1
1445,29,Bali,7119,Kab. Badung,17319,Sanur,2,1
1446,29,Bali,7126,Kota Denpasar,7127,Denpasar Utara,1,1
1447,29,Bali,7126,Kota Denpasar,7128,Denpasar Timur,1,1
1448,29,Bali,7126,Kota Denpasar,7129,Denpasar Selatan,1,1
1449,29,Bali,7126,Kota Denpasar,7130,Denpasar Barat,1,1
